feat,lrp
A,-0.0008108593576878107
C,-0.0011390396838294008
T,-0.0007354615594679406
G,-0.00043206210023930165
TFs_and_others_CHD8,8.795995592824636e-06
TFs_and_others_ZEB2,5.4304374548739985e-05
TFs_and_others_ARID4A,1.9476755107628454e-06
TFs_and_others_SIX4,1.312503734648052e-05
TFs_and_others_TFAP2C,2.7788976152218704e-05
TFs_and_others_HLF,2.868579099560054e-05
TFs_and_others_ZNF572,9.634677512879171e-06
TFs_and_others_RUNX2,1.8902191652005426e-05
Histone_H2A.ZK4K7ac,-5.2934056462193616e-06
TFs_and_others_TAF1,-3.24085197451873e-06
TFs_and_others_ZNF34,-5.347703761975362e-06
TFs_and_others_AFF4,2.3389705261090813e-06
TFs_and_others_CSDE1,3.4221105008602892e-06
TFs_and_others_ZNF460,7.358756727819562e-06
TFs_and_others_NFKBIA,4.644754983688182e-07
Histone_H3K9K14K18K23K27ac,1.28415599368867e-07
TFs_and_others_NCOA6,7.143246993598352e-08
TFs_and_others_KLF13,-3.6791873315049946e-08
TFs_and_others_PHB2,-3.294869036041344e-07
TFs_and_others_SMARCE1,-8.35609067835219e-07
TFs_and_others_ZBTB39,5.736593262851406e-07
TFs_and_others_ZNF473,-2.899003125502936e-07
TFs_and_others_SIX5,6.769109349248244e-07
TFs_and_others_ZNF574,-1.1071165969348485e-06
TFs_and_others_FOXF2,6.171834518772679e-07
TFs_and_others_PURB,4.7499664495593884e-07
TFs_and_others_THRB,8.427503872900105e-06
TFs_and_others_ZNF124,9.742604377204928e-06
TFs_and_others_TRIM28,2.822246099448341e-05
TFs_and_others_MYOCD,2.9903463158334346e-06
TFs_and_others_SMAD5,5.11469190725461e-06
TFs_and_others_CDK2,2.823527447094239e-05
TFs_and_others_NR4A1,3.006938451371081e-05
TFs_and_others_HOXB13,8.510172915555913e-05
TFs_and_others_FOXB1,4.0758433945124495e-06
TFs_and_others_ZNF768,1.862362530716049e-06
TFs_and_others_SYNCRIP,-4.7291936309288086e-07
TFs_and_others_SUZ12,-8.689941939262384e-07
TFs_and_others_SCMH1,1.3491810951105705e-06
TFs_and_others_DAXX,1.8474649420738024e-05
TFs_and_others_ZNF709,2.0179215071007645e-05
TFs_and_others_NANOG,5.721014017686401e-05
TFs_and_others_ULK3,3.710895182997532e-06
TFs_and_others_MORC2,3.533931407002836e-06
TFs_and_others_ZSCAN18,1.0400096352858669e-07
TFs_and_others_SRPK2,-6.032243519052763e-07
TFs_and_others_ZNF570,-9.269782868349055e-07
TFs_and_others_QSER1,-2.8180893038941055e-06
TFs_and_others_NR2E3,9.506955005339137e-08
TFs_and_others_NR2F6,-2.7048776530134618e-06
TFs_and_others_CBX6,-2.4721406980776336e-06
TFs_and_others_AML1-ETO,-7.903177077995339e-06
TFs_and_others_MAF,1.058949019547424e-06
TFs_and_others_EGR2,1.285211049354745e-07
TFs_and_others_WAS,-4.9340915960790975e-08
Histone_macroH2A1.2,1.850375794847085e-07
TFs_and_others_HMBOX1,1.14966740421693e-07
TFs_and_others_SOX11,-4.5798463498234493e-07
TFs_and_others_WT1,-9.56889231882745e-07
TFs_and_others_NELFA,6.683249363068804e-07
TFs_and_others_NXF1,4.157116250490191e-07
TFs_and_others_ASXL2,2.0296488117674416e-06
TFs_and_others_FOXP4,6.959724205009398e-07
TFs_and_others_TBL1XR1,-3.583335341380268e-07
TFs_and_others_ZFX,-2.5378565276293796e-06
TFs_and_others_IRF2,-8.976670538067339e-07
TFs_and_others_TET1,-2.4166130428023638e-06
TFs_and_others_ZNF253,7.243725719159387e-08
TFs_and_others_ZNF142,1.1052880709109648e-06
TFs_and_others_PRDM14,1.190658234576119e-06
TFs_and_others_ZFP30,7.2557273062280064e-06
TFs_and_others_ARNT2,4.4557919316605114e-06
TFs_and_others_ZNF143,1.3158157625601683e-05
TFs_and_others_ZNF346,1.4953593863672207e-06
TFs_and_others_NFATC1,3.049614921901352e-06
TFs_and_others_AUTS2,6.164831668888531e-08
TFs_and_others_KLF15,1.0501946561659073e-07
TFs_and_others_MAPK14,5.309324043048437e-07
TFs_and_others_E2F5,2.8014949089953674e-06
TFs_and_others_ERF,4.153818022701899e-06
TFs_and_others_VDR,6.066255385897459e-06
TFs_and_others_ZNF155,2.6415435847473395e-06
TFs_and_others_ATF4,6.605495610045382e-06
TFs_and_others_TRIM37,6.256025761984836e-07
TFs_and_others_KDM5C,4.7182987738606257e-07
Histone_H2B,-4.509328729994766e-07
TFs_and_others_OGT,-7.713507343931027e-06
TFs_and_others_EGFR,-7.929945042726197e-06
TFs_and_others_KMT2A,-2.5724573562019883e-05
TFs_and_others_NFYA,-2.873874560519683e-06
TFs_and_others_ATF3,-1.1452087726553045e-05
TFs_and_others_ZIK1,-7.916899044146857e-07
TFs_and_others_NKX3-1,-1.2979415111010485e-06
TFs_and_others_SOX15,1.5088246558209667e-07
TFs_and_others_RREB1,4.771594475880506e-07
TFs_and_others_GPS2,-1.7048357172175755e-08
TFs_and_others_ZNF484,2.331191359187071e-09
TFs_and_others_TSHZ2,-2.141722139654302e-07
TFs_and_others_BRD8,-5.385020365711688e-07
TFs_and_others_ZBTB2,-2.7754999534045638e-06
TFs_and_others_HIC2,-2.947752574592372e-06
TFs_and_others_BMI1,-7.184319199665431e-06
TFs_and_others_PHF20,1.5030765582029615e-06
TFs_and_others_KLF14,-6.79800134610089e-07
TFs_and_others_ID4,-1.5280265195138587e-07
TFs_and_others_OSR2,-6.74138037078305e-07
TFs_and_others_MYBL2,1.622370044106874e-06
TFs_and_others_HLTF,1.0599339937738624e-06
TFs_and_others_ZNF491,2.3241336365884372e-07
TFs_and_others_GTF2H2,7.352037036493583e-08
TFs_and_others_EPOP,-6.524127313417344e-07
TFs_and_others_ZNF641,-9.535174851419896e-07
TFs_and_others_NFKB1,-4.3823139848248765e-06
RNA_polymerase_POLR3GL,-3.2945984826395547e-06
TFs_and_others_TAZ,-7.283830213973891e-06
TFs_and_others_TRF2,-7.139682077261118e-07
TFs_and_others_TCF25,-7.822492261699833e-06
TFs_and_others_ZNF660,-9.187204731781452e-06
TFs_and_others_SMC1A,-2.570006265690429e-05
TFs_and_others_DLX6,-1.5692237587587225e-06
TFs_and_others_ZBTB46,-1.9553240736359584e-06
TFs_and_others_EMX1,2.8151789038666945e-07
TFs_and_others_MAZ,-4.346004750834367e-07
TFs_and_others_DCP1A,1.5412333970952242e-06
TFs_and_others_ZMAT5,6.975698090398381e-07
TFs_and_others_NKX6-1,1.0062705192671532e-06
TFs_and_others_ZNF677,2.3744717873609035e-06
Histone_H2AT120ph,1.454246655299983e-07
TFs_and_others_ETV3,2.075836154809053e-07
TFs_and_others_ZNF839,-1.415814014183336e-07
TFs_and_others_LHX4,-1.9886264076776545e-07
TFs_and_others_PLAG1,-6.634046555294426e-07
Histone_H3R2me2,2.470757003631028e-07
TFs_and_others_DNAJC2,-5.166730518407256e-06
TFs_and_others_CCDC101,-4.182559250786473e-06
TFs_and_others_SOX10,-1.3024597334362032e-05
TFs_and_others_ZNF569,1.0277026489396402e-08
TFs_and_others_MLL-AF4,4.859287485687391e-05
TFs_and_others_RLF,5.953450874354498e-05
TFs_and_others_GATA2,0.00017333362818098945
TFs_and_others_ZNF764,1.1726458016173846e-05
TFs_and_others_CHAF1A,1.3367526423599977e-05
TFs_and_others_ETV1,2.2287152967140555e-06
TFs_and_others_MED26,3.308075133854295e-06
TFs_and_others_CDC73,3.7561331342300415e-06
Histone_H2AK119Ub,1.0568955510535967e-05
TFs_and_others_GRHL3,6.309687298761558e-05
TFs_and_others_TCEAL8,8.131172006982088e-05
TFs_and_others_SMARCA4,0.00023287413242051503
TFs_and_others_PRDM11,2.051740883778645e-05
TFs_and_others_ZSCAN32,2.1287961289609106e-05
Histone_H4K5K8K12K16ac,7.000159860040934e-06
TFs_and_others_RB1,-4.321556864814235e-07
TFs_and_others_C17orf49,-1.5875873966138095e-06
RNA_polymerase_POLR3B,-5.128030487148962e-06
TFs_and_others_LBX2,-2.2366496986046973e-07
TFs_and_others_GATAD2A,2.798668012010128e-07
TFs_and_others_ZFP42,8.349827294016259e-07
Histone_H4K20me1,2.3642751574309813e-06
Histone_H3.1,-4.240312323653343e-08
TFs_and_others_NEDD4,-2.5161597459070424e-07
TFs_and_others_CDX2,-1.045767627391434e-06
TFs_and_others_IRX2,-7.941529775856244e-08
TFs_and_others_TCEB3,1.4568163099469204e-08
TFs_and_others_MZF1,-2.2445896360274204e-07
TFs_and_others_ZBED2,-4.6614694108314957e-07
TFs_and_others_WDHD1,-6.621192185392853e-08
TFs_and_others_ATF7,-6.883284296817734e-07
TFs_and_others_ORC2,-6.642451188860155e-07
TFs_and_others_HMGXB4,-3.434958828177175e-06
TFs_and_others_SLBP,-1.9040996474364752e-06
TFs_and_others_TBP,-5.70748780774311e-06
TFs_and_others_ZNF248,-7.178235025586989e-07
TFs_and_others_HDAC9,-3.5335793300413027e-06
TFs_and_others_CHD6,-8.556199006811709e-06
TFs_and_others_TRP47,-1.3801124149086613e-05
Histone_H4K4me3,-1.7177413431512524e-05
TFs_and_others_USF2,1.0765947678101506e-05
TFs_and_others_TAF7,1.3600805744382157e-05
TFs_and_others_FOSL1,3.727188272558588e-05
TFs_and_others_ARNTL2,3.5891229056872025e-06
TFs_and_others_POLH,4.034966224587322e-06
TFs_and_others_HOXC13,1.6214250069507564e-07
TFs_and_others_ARID3A,7.904363618457287e-07
TFs_and_others_YY2,7.695912405449522e-07
TFs_and_others_CHD4,1.386912042544011e-06
TFs_and_others_ZNF416,7.175517564789617e-07
TFs_and_others_SMCHD1,2.391685000856096e-07
TFs_and_others_PITX1,6.535961311530832e-07
TFs_and_others_ZNF619,1.4431532467158926e-06
TFs_and_others_ZNF169,1.9379256856106714e-06
TFs_and_others_TBX21,1.270747154112814e-06
TFs_and_others_IRF4,6.827312517453215e-07
TFs_and_others_ZHX2,-4.1100739938911005e-06
TFs_and_others_THOC5,-5.3289088213284485e-06
TFs_and_others_PIAS1,-1.0078394486004637e-05
TFs_and_others_ZBTB17,-2.3776946411540614e-06
TFs_and_others_TRERF1,-4.439074417250135e-07
TFs_and_others_ZNF79,-1.4959921550712246e-06
TFs_and_others_ZNF2,-1.5656315518801616e-06
TFs_and_others_CTCFL,1.050415503030772e-05
TFs_and_others_ARID3B,2.618228689638361e-05
TFs_and_others_ATF1,7.43541757780001e-05
TFs_and_others_ZMIZ1,8.531017378219804e-06
TFs_and_others_HMGA1,7.90417109942873e-06
TFs_and_others_ZNF75A,2.5262938117392703e-07
TFs_and_others_MSX2,3.4668494934800374e-07
TFs_and_others_ZNF202,1.1456424353438422e-07
TFs_and_others_ZNF407,1.1819058232027127e-06
TFs_and_others_ZNF816,1.1051596916620613e-06
TFs_and_others_KLF10,3.2807362726363696e-06
TFs_and_others_ZBTB21,2.710559571839527e-07
TFs_and_others_ZBTB7B,4.3254113796544585e-07
TFs_and_others_HDGF,3.0512678166318784e-07
TFs_and_others_NUDT21,3.383251079174952e-07
TFs_and_others_RBBP5,8.917413319053274e-07
TFs_and_others_ALYREF,1.35670526149959e-07
TFs_and_others_HOMEZ,5.152547850433901e-07
TFs_and_others_TERF2,4.3898775330446776e-08
TFs_and_others_THAP8,2.924781443319726e-07
TFs_and_others_ZNF680,2.6756381716971e-07
TFs_and_others_RNASEH2A,9.640107656085188e-07
TFs_and_others_THRAP3,1.8429865250969613e-05
TFs_and_others_RXRB,2.3041544798938596e-05
TFs_and_others_OTX2,6.116032011569973e-05
TFs_and_others_MNT,5.5249585401894165e-06
TFs_and_others_NAIF1,3.6029914909909446e-06
TFs_and_others_HHV UL87,-4.478411081000015e-08
TFs_and_others_RBM14,-1.793369995005853e-06
TFs_and_others_SETX,-2.1111045549725207e-06
TFs_and_others_NOTCH1,-6.052653795699059e-06
TFs_and_others_SRSF3,-5.267449278824713e-07
TFs_and_others_ZNF544,-6.679968801488961e-07
TFs_and_others_MYBL1,-1.090116791209725e-06
TFs_and_others_ZFHX2,-3.1991285110079907e-06
TFs_and_others_KAT2A,-1.7666257989051959e-06
TFs_and_others_FUS,-2.3248311186581033e-06
TFs_and_others_USP7,-6.049032689216888e-06
TFs_and_others_ZNF114,-6.836870464370768e-07
TFs_and_others_HOXA6,-6.107582734741822e-07
TFs_and_others_MLLT6,-1.3357751838109039e-06
TFs_and_others_CREBL2,-2.2022897460842916e-06
TFs_and_others_BCL6,-6.115401306673764e-06
TFs_and_others_ZNF785,-1.2244372889804328e-06
TFs_and_others_PCGF5,-1.774468988846419e-06
TFs_and_others_SOX13,-2.325158410488805e-06
Histone_H1.5,-2.3422168814866826e-07
TFs_and_others_OLA1,-8.952162142483531e-07
TFs_and_others_ZNF451,-5.474934934772994e-07
TFs_and_others_SMARCA2,-1.4393815085833279e-06
TFs_and_others_ADNP,1.1651825031616821e-06
TFs_and_others_ZNF92,2.5139511425088085e-06
TFs_and_others_ELK3,1.2339503786261826e-06
TFs_and_others_DDX20,2.7373207548798954e-06
TFs_and_others_GUCY1B3,4.182473790837143e-07
TFs_and_others_ZBTB20,1.2635797153440043e-06
Histone_H4K12me1,3.1066378839879506e-07
TFs_and_others_AAV Rep68,3.4797305410968047e-07
TFs_and_others_ZBTB43,2.8048958412170874e-05
TFs_and_others_ZNF596,4.26797288878632e-05
Histone_H3K9ac,0.00012502860921976
TFs_and_others_ZNF221,2.1902372836279592e-05
Histone_H3K56ac,4.782035155860525e-05
TFs_and_others_SP5,4.085250601536216e-06
TFs_and_others_WAPL,4.562178255760195e-06
TFs_and_others_ZNF512,1.2025024259014223e-06
TFs_and_others_KLF6,1.1440498728738649e-06
TFs_and_others_AATF,3.642870862237749e-07
TFs_and_others_LRRFIP1,5.280486198660634e-07
TFs_and_others_ZMYND8,9.371160227394424e-07
TFs_and_others_NR5A2,1.0961391659990777e-07
TFs_and_others_ZNF197,2.5255128147201494e-07
TFs_and_others_NPAT,2.4854829828196887e-06
TFs_and_others_AIM2,9.898755249830524e-06
TFs_and_others_TWIST1,2.191141701471966e-05
TFs_and_others_SMARCC2,1.7108787307176823e-05
TFs_and_others_Cyclobutane pyrimidine dimers,2.343978072428299e-06
TFs_and_others_CRTC1,1.0260145935667617e-06
TFs_and_others_ZNF395,-2.7175748421794144e-07
TFs_and_others_PBXIP1,2.278617101635045e-08
TFs_and_others_UBE3A,-2.0405342602065275e-08
TFs_and_others_GLI4,2.721985808327637e-07
TFs_and_others_ELANE,4.294552051342338e-08
TFs_and_others_XPO1,6.205410132574724e-07
TFs_and_others_PATZ1,-2.063991457834725e-07
TFs_and_others_PPP2R1A,3.489919447036327e-07
TFs_and_others_SP2,1.4486740740315475e-06
TFs_and_others_OSR1,1.6836287771895517e-07
TFs_and_others_RBL1,8.522100325277591e-07
TFs_and_others_METTL14,1.029104963478983e-06
TFs_and_others_CDT1,2.855570505718633e-06
TFs_and_others_HES5,-1.3306038686109642e-07
TFs_and_others_ZNF366,-2.2062548341901734e-07
TFs_and_others_GRHL1,-1.9666459947e-06
TFs_and_others_ZNF543,-8.296866973320259e-07
TFs_and_others_CUL4A,-0.0001059391787589781
TFs_and_others_TGIF2,-0.00013391812086589584
TFs_and_others_CTCF,-0.00038538378686008164
TFs_and_others_BATF3,-3.580596397593445e-05
TFs_and_others_BCL11A,-2.9792677608371735e-05
TFs_and_others_S100A10,-1.0504103327468494e-06
TFs_and_others_MAFB,-2.529730258274475e-06
TFs_and_others_CBX7,-7.30570777268974e-07
TFs_and_others_ZNF547,-2.056025575314948e-06
TFs_and_others_HOXA11,-3.485868562038908e-05
TFs_and_others_SOX6,-4.5881007228631203e-05
Histone_H4K5K8ac,-0.00011804309429648655
TFs_and_others_XBP1,-8.192137210001889e-06
TFs_and_others_WIZ,-7.907187251959316e-06
TFs_and_others_PRKDC,2.7487699375167253e-07
TFs_and_others_INSM2,-9.623148798384607e-07
TFs_and_others_PHF2,-5.498683250943662e-07
TFs_and_others_SP7,-1.4136130285354347e-06
TFs_and_others_THAP1,6.53323283849986e-06
TFs_and_others_HOXB7,7.937247699945713e-06
TFs_and_others_DOT1L,2.264416549476879e-05
TFs_and_others_SRSF9,1.9594628763743293e-06
TFs_and_others_ZNF276,2.0381675282803588e-06
TFs_and_others_CDK11A,1.8487851913460328e-06
TFs_and_others_AHRR,2.3679610430928143e-06
TFs_and_others_TBX5,5.502778259645878e-05
TFs_and_others_KAT2B,5.897490043735659e-05
TFs_and_others_GATA3,0.0001702596043114231
TFs_and_others_NKRF,1.2144394459822922e-05
TFs_and_others_SIPA1,2.946915322626517e-05
TFs_and_others_INTS13,1.8224050257146952e-05
TFs_and_others_NCOA3,5.4319622674600384e-05
TFs_and_others_HOXB4,2.12672652176282e-06
TFs_and_others_BRPF1,2.1486918056806233e-06
TFs_and_others_GABPB1,2.7969945941905123e-06
TFs_and_others_ELF4,9.48803534886229e-06
TFs_and_others_BRD4,2.2696713385672263e-05
TFs_and_others_MEF2B,4.5892385658614385e-06
TFs_and_others_POU6F1,2.7710684837601097e-06
Histone_H3K14cr,1.1961957831264381e-08
TFs_and_others_ZNF292,6.814027563669692e-08
Histone_H3K18ub,2.518003087081606e-08
TFs_and_others_ZNF626,-6.783548063805007e-06
TFs_and_others_NFRKB,-9.266095861092338e-06
TFs_and_others_MKL2,-2.694964705233374e-05
TFs_and_others_ZNF257,-2.0706600322318755e-06
TFs_and_others_ZSCAN29,-2.615390421852269e-06
TFs_and_others_AHCTF1,-5.283008040965877e-08
TFs_and_others_ZNF576,-8.528352399887779e-08
TFs_and_others_ZNF230,3.918655458032702e-08
TFs_and_others_ZNF510,-7.291726437286801e-07
TFs_and_others_DRAP1,0.00011071119563260578
TFs_and_others_TP53BP1,0.00012502219192379315
Histone_H3K36me3,0.0003680807933796491
TFs_and_others_ZNF556,2.7280864711739515e-05
TFs_and_others_STAT1,3.633787940599504e-05
TFs_and_others_RELA,3.027859666188547e-05
TFs_and_others_TRMT112,4.974984371502012e-06
TFs_and_others_NETO2,5.805555454693682e-06
TFs_and_others_ERCC8,1.8744086130553195e-07
Histone_H3K36me1,-4.625465876614897e-06
TFs_and_others_MCRS1,-5.717584876031055e-06
TFs_and_others_HDAC1,-1.619619863175164e-05
TFs_and_others_TDRD3,-1.119129521841386e-06
TFs_and_others_MDN1,-3.2230288881496378e-06
TFs_and_others_KLF1,-3.2311082511609784e-06
TFs_and_others_KDM2B,-9.405950974754497e-06
TFs_and_others_GMEB1,-6.986183131280357e-07
TFs_and_others_ZNF184,-2.9851161622447747e-06
TFs_and_others_HES2,5.918689922494475e-06
RNA_polymerase_POLR3D,1.0722987080678685e-05
TFs_and_others_NEUROD1,5.898211192204665e-05
TFs_and_others_PRDM12,2.0276770883416997e-05
TFs_and_others_ASPSCR1,5.123377935333826e-05
TFs_and_others_MTA2,2.0434822356375905e-05
TFs_and_others_ARID1A,2.799454274829186e-05
RNA_polymerase_POLR3E,-3.920645119512847e-06
TFs_and_others_SIRT3,3.1204889003308278e-06
TFs_and_others_SNAPC2,2.0847307920213584e-06
TFs_and_others_CBX3,8.91470734004167e-06
TFs_and_others_HSF4,1.469549620018876e-06
TFs_and_others_E2F4,3.855813683701001e-06
TFs_and_others_RERE,2.3196788893929754e-06
TFs_and_others_ZNF30,3.1287288486339583e-06
TFs_and_others_FOXO1,6.628982983161541e-06
TFs_and_others_BHLHE40,3.0494304243675766e-07
TFs_and_others_ZNF592,-9.426861938517508e-07
TFs_and_others_ZNF224,-1.5048392428091772e-06
TFs_and_others_GGCT,-0.0002160558778667811
TFs_and_others_Pan-acetyllysine,-0.00026939370872345475
Histone_H3K27me3,-0.0007748128321829426
TFs_and_others_PRAME,-5.321683279152484e-05
TFs_and_others_ID2,-5.250217380590705e-05
TFs_and_others_ING2,-9.222024278656933e-07
TFs_and_others_ELL2,2.519289769646308e-06
TFs_and_others_DPF2,-1.3641759072610877e-06
TFs_and_others_RUNX1,-1.4423719944390297e-06
TFs_and_others_MED13,-4.092530740716243e-08
TFs_and_others_ELL,-1.1839930349698787e-06
TFs_and_others_SIRT6,-1.301013121798997e-06
TFs_and_others_TCF12,-4.20976044379274e-06
TFs_and_others_ZKSCAN3,-4.579738373864057e-07
TFs_and_others_MDM2,-6.130939111742846e-07
TFs_and_others_PPP1R10,-2.6320984260197334e-05
TFs_and_others_PPP2CA,-4.704696335960721e-05
TFs_and_others_ESR1,-0.00013067027464489704
Histone_H3K27me1,-1.279940849005761e-05
TFs_and_others_HDAC6,-1.4200369352152876e-05
TFs_and_others_ZNF775,2.5776465031176863e-06
TFs_and_others_ZNF391,3.3341177618445837e-06
TFs_and_others_SRF,1.0464868744555736e-05
TFs_and_others_HOXD1,1.7494975526332295e-06
TFs_and_others_TBX2,3.40479472890057e-06
TFs_and_others_ELF1,1.6854897723265926e-06
TFs_and_others_ILK,-1.8076645957793553e-06
Histone_H3K23ac,-1.6148218534077578e-06
Histone_H4K16ac,-3.924117777044244e-06
TFs_and_others_ZNF707,1.0291827034821662e-06
TFs_and_others_PHF21A,1.6634076256885457e-06
TFs_and_others_SREBF1,1.918996359612346e-06
TFs_and_others_G-quadruplexes,0.0001894661882063881
TFs_and_others_LMO1,0.0002282263418582957
TFs_and_others_AR,0.0006668764890999284
TFs_and_others_GLI1,4.6548796709208625e-05
TFs_and_others_PRKCQ,4.913790552783828e-05
TFs_and_others_HOXA5,2.7248882077430665e-06
TFs_and_others_ZFP2,3.4791462575715552e-06
TFs_and_others_DNMT3A,8.18676473023208e-06
TFs_and_others_E2F3,1.375266019962334e-06
TFs_and_others_RUVBL1,7.321137278651086e-07
TFs_and_others_NR0B2,6.134456295075716e-08
TFs_and_others_ZSCAN12,-1.720408874671387e-06
TFs_and_others_ATM,-2.476080529611534e-06
TFs_and_others_BRF1,-6.234680815646558e-06
TFs_and_others_ESRRA,-8.369541706867362e-07
TFs_and_others_CCNE1,3.7456551906347236e-07
TFs_and_others_ZBED5,7.800680658621831e-07
TFs_and_others_NFYC,-1.2905461648822445e-05
TFs_and_others_ZNF101,-1.92335258153593e-05
Histone_H2A.Zac,-5.521603715953216e-05
TFs_and_others_HOXD13,-3.5932611711989937e-06
TFs_and_others_HOXD4,-3.577278695120655e-06
TFs_and_others_ZNF77,6.38823564520332e-07
TFs_and_others_FOXC2,5.291202855707662e-07
TFs_and_others_DNMT3B,1.728230270634012e-06
TFs_and_others_ZHX3,1.0548495439236086e-06
TFs_and_others_CPSF3,2.448428428385235e-06
TFs_and_others_HOXC5,1.844763023446003e-06
TFs_and_others_FOXK2,1.9784420644017156e-06
TFs_and_others_ZNF20,2.1098487359193867e-07
TFs_and_others_NCOA5,1.8710288654923627e-07
TFs_and_others_POLQ,8.430889552982728e-08
TFs_and_others_ZNF408,2.2300824126886184e-07
TFs_and_others_ZNF740,1.5000724336776908e-06
TFs_and_others_HOXD11,9.652005748728717e-07
TFs_and_others_RCOR1,6.084469307553714e-06
TFs_and_others_ZNF438,4.7085864312339926e-06
TFs_and_others_EPAS1,1.0570879460905126e-05
TFs_and_others_TFAP4,1.6548661480907418e-05
TFs_and_others_NPAS2,3.4123903742661784e-07
TFs_and_others_YEATS2,-6.923418397930675e-06
TFs_and_others_AICDA,-9.939308225412696e-06
Histone_H4K8ac,-2.939014304497598e-05
TFs_and_others_CREB3L1,-5.140693905311638e-07
TFs_and_others_RORC,-3.5220035321597237e-06
TFs_and_others_DNMT1,-1.7468134379122914e-05
TFs_and_others_PCF11,-2.173797204742221e-05
TFs_and_others_RAD21,-6.399445605422853e-05
TFs_and_others_ZNF18,-4.358657946484209e-06
TFs_and_others_ZFP37,-4.452686309627546e-06
TFs_and_others_ZNF396,-1.3778922697943645e-08
Histone_H3K27M,-2.03751246245091e-07
TFs_and_others_SAFB2,2.056114184270409e-07
TFs_and_others_FOXR2,5.944228932995184e-06
TFs_and_others_DZIP1,3.379742029727609e-06
TFs_and_others_IKZF1,1.0335243339675533e-05
TFs_and_others_ZNF132,-6.781727545183651e-06
TFs_and_others_ZNF645,-1.0760127077079303e-05
TFs_and_others_NFIB,-2.5824989016477583e-05
Histone_H3K14ac,-1.3969114753991031e-05
RNA_polymerase_POLR2A,-1.537687064940019e-05
TFs_and_others_ZNF195,-9.201659676871789e-07
TFs_and_others_ZBTB3,-1.529804897920357e-06
TFs_and_others_YWHAZ,-3.452264115644072e-07
TFs_and_others_CHD1,-3.518213333874197e-06
TFs_and_others_MINA,-3.5835911712716457e-06
TFs_and_others_BACH1,-3.5913119125624738e-06
TFs_and_others_PAX5,-7.433361759956128e-06
TFs_and_others_ZNF263,5.020450303848138e-06
TFs_and_others_MED8,3.918864082925242e-05
TFs_and_others_RTA,5.2567074463633474e-05
TFs_and_others_8-Hydroxydeoxyguanosine,0.00014609237909001717
TFs_and_others_DEK,1.0891411656264023e-05
TFs_and_others_ZNF704,1.2191005337508842e-05
Histone_H3K29ac,-1.0771184420376729e-06
TFs_and_others_ZNF319,-1.0020081989991575e-06
Histone_H2Bub,-1.7671054899233835e-06
TFs_and_others_SMC3,-6.90481931419855e-06
TFs_and_others_JMJD1C,2.4914011280686523e-06
Histone_H3K79suc,2.7635970529704867e-06
TFs_and_others_ZNF644,8.198683380337024e-06
TFs_and_others_ZNF232,2.7729679554109777e-06
Histone_H2BK15ac,1.6866151280959452e-06
TFs_and_others_IRF3,5.2953678692328455e-06
TFs_and_others_ZNF552,2.786515372508613e-07
TFs_and_others_FOXJ2,1.9900743686983946e-07
TFs_and_others_SALL1,-1.733854840881921e-07
TFs_and_others_TBL1Y,-4.862709007379298e-07
TFs_and_others_ATXN7L3,7.242686140174655e-07
Histone_H3.3B,6.072331035975326e-07
TFs_and_others_DLX5,2.3350133906033383e-06
TFs_and_others_ING5,-3.433032729691449e-07
TFs_and_others_C7orf26,3.278394001455676e-07
TFs_and_others_ZNF12,1.4380311665118048e-07
TFs_and_others_MEAF6,-2.0869314294295203e-07
TFs_and_others_ZNF608,1.8911181781822091e-07
TFs_and_others_Hepatitis B Virus X antigen,-7.26839448030892e-09
TFs_and_others_BRWD1,-3.0531600680988774e-06
TFs_and_others_ZNF671,-3.55446216777229e-06
TFs_and_others_BCORL1,-1.3697537785713473e-05
TFs_and_others_ZEB1,-1.4397538228869567e-06
TFs_and_others_ZNF426,-6.430493188385062e-06
TFs_and_others_HIC1,6.597198671350125e-08
TFs_and_others_TBX3,3.5118196479672547e-07
TFs_and_others_E2F7,4.15791972083587e-07
TFs_and_others_ZBTB11,-5.662468234884619e-07
TFs_and_others_TP73,-1.742300106274766e-06
TFs_and_others_ZBTB49,-3.776925032789125e-06
TFs_and_others_NPM1,-9.62021769573208e-06
TFs_and_others_EBNA1,-4.650879189170964e-07
TFs_and_others_NFE2L2,-4.77179869004458e-07
TFs_and_others_MED7,5.6003598036401156e-08
TFs_and_others_ZNF71,2.0457869476721039e-07
TFs_and_others_ZNF557,7.983499903959659e-07
Histone_H3.7,1.0613288628677787e-06
TFs_and_others_FOXK1,1.2564289216205693e-05
TFs_and_others_IRX5,1.1355048590017335e-05
TFs_and_others_STAT3,3.36261872338039e-05
TFs_and_others_ZNF696,2.73907373660198e-06
TFs_and_others_RBBP4,3.7712673150344754e-06
TFs_and_others_PHC1,2.142231114743641e-06
TFs_and_others_ZNF462,2.9626156538463466e-06
TFs_and_others_CBFA2T3,7.698009265617018e-06
TFs_and_others_VCP,4.485190757575068e-06
TFs_and_others_MED25,1.8256614036835071e-06
TFs_and_others_KLF4,4.183520028896197e-06
TFs_and_others_ZNF713,-5.726649256420149e-07
TFs_and_others_ZNF761,-3.7166678107317355e-07
TFs_and_others_HOXC8,-1.7150941646386256e-05
TFs_and_others_IFI16,-1.5757491210877744e-05
TFs_and_others_GATA1,-4.947654875143084e-05
TFs_and_others_BCL3,3.825627204073594e-06
TFs_and_others_ASXL3,0.00010135585306471195
TFs_and_others_SHOX2,0.000108049024957316
Histone_H3K9me3,0.00031653335206578557
TFs_and_others_ZNF10,6.0458275644619746e-06
TFs_and_others_ID1,3.0599334384743428e-06
Histone_H3K79me2,-3.0677329880836146e-05
TFs_and_others_XRCC3,-2.5392632911301597e-06
TFs_and_others_ZNF337,3.683096160894554e-06
TFs_and_others_NR0B1,1.185393143094705e-05
TFs_and_others_SFPQ,3.3452316729653075e-05
TFs_and_others_ZNF571,2.7508528298603683e-06
TFs_and_others_RARB,2.797849541145756e-06
RNA_polymerase_POLR2G,-3.668019414040568e-06
TFs_and_others_NUP98,-2.848826614819524e-07
Histone_H2A.X,-2.5190225217284924e-07
TFs_and_others_TCEA2,3.308950965595883e-07
TFs_and_others_PTRF,1.2034717746479884e-07
TFs_and_others_WRN,7.811611151117535e-08
TFs_and_others_JDP2,-1.40683618538606e-07
TFs_and_others_OLIG2,-1.0939190600742377e-06
TFs_and_others_MYF6,-9.470810370597889e-07
TFs_and_others_NCAPH2,-2.42411399948414e-06
TFs_and_others_PAX2,3.8702354890807156e-07
TFs_and_others_ZNF281,6.971671169635943e-08
TFs_and_others_TOX4,-3.887455870249734e-07
TFs_and_others_CREB5,-1.9158033121064662e-07
TFs_and_others_INTS12,8.339332917692511e-07
TFs_and_others_ZNF865,7.573710881791209e-06
TFs_and_others_NR1H2,-9.186029081984724e-07
TFs_and_others_CDX4,8.418658751735247e-06
TFs_and_others_BCL6B,1.5083819350247143e-05
TFs_and_others_ONECUT2,4.018047975698152e-05
TFs_and_others_POU5F1,1.0601275246235694e-05
TFs_and_others_RFXAP,4.92233233866869e-06
TFs_and_others_SFMBT1,8.584393911715035e-07
TFs_and_others_GPN1,-1.0032587536871044e-06
TFs_and_others_ZNF117,-5.93006635495783e-07
TFs_and_others_CDK8,-1.925195080123241e-06
TFs_and_others_MKI67,5.771406828685668e-06
TFs_and_others_BRDT,2.866920191103126e-05
TFs_and_others_RAG1,4.55592124562568e-05
Histone_H3.3,8.149521777760674e-05
TFs_and_others_IRF9,8.00687378307438e-06
TFs_and_others_TSC22D4,6.594555720790386e-06
TFs_and_others_E4F1,4.290024899688273e-06
TFs_and_others_SMARCA5,1.4250305203863824e-06
TFs_and_others_ZFP64,4.708072979615759e-06
TFs_and_others_ZNF850,1.5309718505783668e-06
TFs_and_others_IKZF2,4.051278613888634e-06
Histone_HINFP,7.270813584535929e-07
TFs_and_others_TCFL5,2.101190231839022e-06
TFs_and_others_EHF,2.7892990295616835e-06
TFs_and_others_MCM7,5.20443069677177e-06
TFs_and_others_ZUFSP,4.048243077669523e-07
TFs_and_others_ZBTB1,5.480128733202383e-07
TFs_and_others_AEBP2,4.983861270109254e-06
TFs_and_others_WRNIP1,3.4528672933718554e-06
TFs_and_others_MAFF,1.0087079372407173e-05
TFs_and_others_ZNF555,-1.7983879897715023e-06
TFs_and_others_EBNA3,-8.165398687302321e-07
TFs_and_others_PHF6,1.931593269314963e-06
TFs_and_others_SCML4,6.591425046484562e-07
TFs_and_others_EBV-ZEBRA,6.607433165459545e-06
Histone_H2BK12ac,-5.361131689471322e-06
TFs_and_others_ZNF551,1.2141796273901364e-06
TFs_and_others_YTHDC1,2.772894533976891e-07
TFs_and_others_ZNF189,1.2841612610764603e-06
TFs_and_others_ZNF678,1.3133344569490253e-05
TFs_and_others_SLFN5,1.8843031420604165e-05
TFs_and_others_NKX2-1,5.1921988213886196e-05
TFs_and_others_ZBTB14,8.009583886289278e-06
TFs_and_others_HMGXB3,4.968765881516933e-06
TFs_and_others_TRIM25,-6.958357840409956e-07
TFs_and_others_VSX2,-1.9093612379913383e-06
TFs_and_others_RUVBL2,-3.7306495488989993e-06
TFs_and_others_ZNF710,-2.84979041744501e-07
TFs_and_others_IKZF5,1.1635294786077132e-07
TFs_and_others_NBN,6.65921504812509e-07
TFs_and_others_HECTD1,9.058835447526654e-08
TFs_and_others_ZKSCAN5,1.1772548246710907e-07
TFs_and_others_CRX,2.556964281455968e-06
TFs_and_others_PSMB5,2.7222762371810544e-06
TFs_and_others_SIX2,7.693953029758128e-06
TFs_and_others_NR1I2,2.4626834663993486e-06
TFs_and_others_TCF7,2.8761026379548365e-06
TFs_and_others_NFYB,1.2766336247929925e-05
TFs_and_others_GTF2F2,9.442259131837441e-07
TFs_and_others_QKI,1.6079774009243665e-06
TFs_and_others_HMGN4,6.473677471852485e-07
TFs_and_others_APC,1.503044305797627e-06
TFs_and_others_RBL2,1.2345649062331877e-06
Histone_H2A,3.1322878293297014e-07
TFs_and_others_ZCCHC11,4.565607011567037e-07
TFs_and_others_SP4,2.3269636309903233e-06
TFs_and_others_ZSCAN9,3.3384283890849308e-06
TFs_and_others_PRDM6,8.127986887736566e-06
TFs_and_others_KLF9,1.7105628909787456e-06
TFs_and_others_DYRK1A,6.594832167865452e-07
TFs_and_others_ASCL2,5.509351305481485e-06
TFs_and_others_PPARGC1A,6.337260011653393e-06
TFs_and_others_ELF3,1.875970025962491e-05
TFs_and_others_ZNF658,1.1720173811244135e-06
TFs_and_others_HSP90B1,1.2244899678807684e-06
TFs_and_others_ZNF205,1.1308714467088933e-06
TFs_and_others_TOX2,6.827632765111093e-07
TFs_and_others_HEXIM1,2.1583278811371782e-06
TFs_and_others_LMTK3,1.122601978037622e-06
Histone_macroH2A1,1.4649013786935432e-06
TFs_and_others_BAP1,3.512383785551389e-06
TFs_and_others_RYBP,-6.753854123653519e-07
TFs_and_others_LCORL,5.223178524562149e-07
TFs_and_others_RBM39,8.900852812822742e-07
Histone_H3K32ac,1.472062524446613e-06
TFs_and_others_CDC5L,1.0146337362671836e-06
TFs_and_others_ETV2,-1.0769042191281366e-07
TFs_and_others_FOXM1,2.0626516342130896e-06
TFs_and_others_E2F1,-1.0079581454519663e-07
TFs_and_others_MLL-AF10,6.611226476267713e-06
TFs_and_others_ZSCAN22,1.2731335688704114e-05
TFs_and_others_SETD1A,3.1946749848645675e-05
TFs_and_others_ZNF623,1.722995806843647e-05
Histone_H4K5K8K16ac,6.569601817105942e-06
Histone_H4K91ac,8.509156671200047e-06
TFs_and_others_IGF1,2.7067766033824947e-06
TFs_and_others_VSV-G,2.3492156978192252e-06
TFs_and_others_FOXC1,4.999757501938896e-06
TFs_and_others_RUNX1T1,-2.7803865170697585e-06
TFs_and_others_L3MBTL3,1.9933331196529245e-07
TFs_and_others_ZNF354C,5.0690518245084815e-06
Histone_H2BK120ac,5.137465907857907e-06
TFs_and_others_FOSL2,1.3676121602294155e-05
TFs_and_others_CXXC5,4.826812036070433e-07
TFs_and_others_TFAM,-1.0415691362084344e-06
TFs_and_others_GTF2I,-2.8813335046541477e-06
TFs_and_others_ZNF37A,1.8723242056259498e-07
TFs_and_others_GLYR1,1.2743280635443062e-06
TFs_and_others_ZFHX4,4.036133722844381e-07
TFs_and_others_SCML2,1.4496603587204103e-06
TFs_and_others_TAF15,1.4696786735997278e-06
TFs_and_others_TRPS1,3.897407650745819e-06
TFs_and_others_HNF1A,2.3092570082565302e-06
TFs_and_others_STAT6,1.7661485906784878e-06
TFs_and_others_PBRM1,4.533794281778953e-06
TFs_and_others_TAF5L,9.993280022758067e-07
TFs_and_others_FXR2,6.979005809442753e-07
TFs_and_others_DLX4,9.146901834328997e-07
TFs_and_others_LARP7,2.5125932847509198e-06
TFs_and_others_CC2D1A,1.0897700136404345e-06
TFs_and_others_WDR77,3.253204438542558e-06
TFs_and_others_KLF7,2.742527440828153e-07
TFs_and_others_ZNF792,4.4883128579842176e-07
TFs_and_others_GTF2A2,3.9564938804559677e-07
TFs_and_others_ZNF227,-1.4037280907205212e-08
TFs_and_others_ZNF587,-1.552330093734018e-08
TFs_and_others_TRIP13,-4.4028880800685705e-06
TFs_and_others_ZNF766,-2.089876258361477e-06
TFs_and_others_RAC1,-9.278379981342249e-06
TFs_and_others_SIRT1,8.669405273142817e-06
TFs_and_others_ZFP69B,1.2612438303982037e-08
TFs_and_others_CSE1L,4.8922739546105e-07
TFs_and_others_ZNF280B,-6.126649581227374e-07
Histone_H1K85ac,-7.116374958268456e-08
TFs_and_others_ZFP1,7.300422960599587e-09
TFs_and_others_ZNF782,2.4784855326583105e-07
TFs_and_others_ZNF532,-3.699784654918334e-06
TFs_and_others_CASP8AP2,-3.9718921902772736e-06
TFs_and_others_LMNA,-1.2088131940045342e-05
TFs_and_others_FOXQ1,5.677342580723441e-07
TFs_and_others_MEF2A,2.2844060280361136e-06
TFs_and_others_TFEB,4.752311955087897e-06
TFs_and_others_NR1H3,1.0269300747157764e-05
TFs_and_others_JADE3,3.037924938575351e-06
TFs_and_others_GATA6,8.581156953246594e-06
TFs_and_others_HDGF2,-1.4274600739905074e-06
TFs_and_others_ZFP14,-1.8244900523741935e-06
TFs_and_others_PARP1,2.5392042147903368e-08
TFs_and_others_CBX8,-5.402484509515149e-07
TFs_and_others_TRRAP,-2.025684989492588e-06
TFs_and_others_HMG20A,-2.4152531667788994e-06
TFs_and_others_ZFY,-5.680916404566586e-06
TFs_and_others_ZNF773,2.763280793173403e-07
TFs_and_others_KDM4C,5.957311700206385e-06
TFs_and_others_AHDC1,9.09531996613987e-06
TFs_and_others_ZBTB40,2.0917843071332526e-05
TFs_and_others_TCF4,1.1594577175564312e-05
TFs_and_others_CRY1,1.8975103327942658e-06
TFs_and_others_THAP7,1.2755097566621101e-06
TFs_and_others_DMAP1,1.4702725934950175e-07
TFs_and_others_ZNF446,-3.8463067623301e-07
TFs_and_others_MLLT3,-1.1114108208351547e-06
Histone_H2BK120ub1,-4.7623016914271526e-07
TFs_and_others_ZNF343,1.7787511943746655e-06
Histone_H1.X,2.0321901407568316e-05
TFs_and_others_MYCN,2.5793945691642507e-05
TFs_and_others_JUN,5.996968475182855e-05
TFs_and_others_BRPF3,3.843920964605377e-06
TFs_and_others_ZHX1,4.469378981351879e-06
Histone_H3K79me1,5.7508079186963e-06
TFs_and_others_ESR2,9.875024274523524e-06
TFs_and_others_IRF8,1.683111647582286e-05
TFs_and_others_NKX2-5,3.4803609568222284e-06
TFs_and_others_SAP30,3.1336312434766084e-06
TFs_and_others_ASH2L,4.182185733002496e-06
TFs_and_others_CSRNP3,9.798329378603374e-07
TFs_and_others_SRCAP,3.3026753633281445e-07
TFs_and_others_THAP12,-8.950758274483017e-07
TFs_and_others_KAT5,1.2975174035060535e-06
TFs_and_others_NR2F1,2.701107401965555e-06
TFs_and_others_KAT8,2.779059850250154e-06
TFs_and_others_ARID5B,1.5930023822145816e-05
TFs_and_others_NRL,1.8473182312564392e-05
Histone_H4ac,5.068250667941734e-05
Histone_H3K9me1,5.657908267651435e-06
TFs_and_others_MIER1,6.345702204994566e-06
TFs_and_others_RARG,4.6663580811476417e-07
TFs_and_others_MBD4,9.705302229916261e-07
TFs_and_others_ERH,8.841087082438171e-08
TFs_and_others_USP22,1.0266502253296679e-07
TFs_and_others_ZBTB37,7.445609030028825e-07
TFs_and_others_RCOR3,9.730487188869413e-07
TFs_and_others_ZBED1,2.757210611793256e-06
TFs_and_others_C10orf12,1.563745757156353e-05
TFs_and_others_ZNF165,2.1007401385676616e-05
TFs_and_others_HAND2,5.884426105757103e-05
TFs_and_others_CBX5,7.25054122862911e-06
TFs_and_others_ZBTB10,4.835755109685495e-06
TFs_and_others_ACTR5,1.1799159393189333e-07
TFs_and_others_TAF1C,-1.2967790408626882e-08
TFs_and_others_HIV1 tat,-3.607559701841367e-10
TFs_and_others_ZNF549,1.291679832336124e-06
TFs_and_others_SET,1.7683613074069534e-06
TFs_and_others_MEF2C,5.041956576445366e-06
TFs_and_others_BPTF,6.236553423656585e-07
TFs_and_others_FGFR1,4.6461296517220316e-07
TFs_and_others_HNRNPL,1.3846541162219284e-06
TFs_and_others_ZNF225,5.5937462558842304e-08
TFs_and_others_ZNF341,1.1654050608324222e-05
TFs_and_others_HIV Tat,1.2152261218153006e-05
TFs_and_others_TEAD4,3.4728542181637995e-05
TFs_and_others_LDB1,-2.685291983044478e-06
TFs_and_others_TCF3,0.00010280097400465059
TFs_and_others_MED30,0.0001007499239446058
Histone_H3K4me1,0.00030683827549487656
TFs_and_others_VEZF1,1.1348315578413982e-05
TFs_and_others_NHLH1,1.3627543329207838e-05
TFs_and_others_DDX21,3.4889531541568113e-06
TFs_and_others_STRA13,-9.223333909934551e-09
TFs_and_others_ZNF362,1.5983090065259196e-09
TFs_and_others_ZNF324,-1.2432893014094511e-06
TFs_and_others_MYNN,-7.62996666582691e-06
TFs_and_others_SIN3A,-1.4028636647875757e-05
TFs_and_others_MAX,-2.8967403276000764e-05
TFs_and_others_PHIP,-5.191749138866482e-06
TFs_and_others_MED16,8.589417156095697e-05
TFs_and_others_SNRNP70,0.00011112511165525843
Histone_H3K4me3,0.0003212511021386179
TFs_and_others_ZNF234,2.33723425100963e-05
TFs_and_others_LRWD1,2.360131009793271e-05
TFs_and_others_RBMX,4.3211953198538135e-07
TFs_and_others_FERD3L,6.219055774436878e-07
TFs_and_others_ZNF217,1.708287939382059e-06
TFs_and_others_ZNF175,3.2686515665719827e-07
TFs_and_others_HOXB1,-1.6305349752010378e-06
TFs_and_others_HNRNPK,-2.630564368576275e-06
TFs_and_others_MYC,-7.733862979916101e-06
TFs_and_others_ZSCAN30,-4.378489876765925e-07
TFs_and_others_HOXB6,-6.30414120716557e-07
TFs_and_others_HMGN2,9.72824950838616e-07
Histone_H2AK9ac,2.7738435617575917e-06
TFs_and_others_ATRX,6.1987275179526396e-06
TFs_and_others_ZNF507,7.851953094657326e-06
TFs_and_others_CSDC2,1.0728458004579882e-06
TFs_and_others_ZNF837,7.388095466990401e-07
TFs_and_others_TRIB3,9.157960531926308e-08
TFs_and_others_NCOA2,-7.758900338956395e-07
TFs_and_others_PRDM10,-1.3195206432458412e-06
TFs_and_others_HOXD9,-1.4497610542463752e-07
TFs_and_others_ARNT,-1.1551561006432354e-05
TFs_and_others_TSC1,-9.374531963553564e-06
TFs_and_others_FLI1,-2.859371978290287e-05
Histone_H2Aub,1.7798659094686182e-06
TFs_and_others_SMAD3,5.04910854471023e-06
TFs_and_others_ZNF624,6.348948946770949e-07
TFs_and_others_PTTG1,2.602832690893168e-06
TFs_and_others_DROSHA,2.825184259302823e-06
TFs_and_others_CEBPD,1.0123316649581197e-05
TFs_and_others_KDM3A,4.214217658386055e-06
TFs_and_others_BRD2,1.1769704950411744e-05
TFs_and_others_MAFG,5.767909220388674e-06
TFs_and_others_KMT2C,1.4400973777449885e-05
TFs_and_others_SCRT1,4.779926057904973e-06
TFs_and_others_TCF7L2,1.0091184798918378e-05
TFs_and_others_POLR2C,1.9012171462548661e-06
TFs_and_others_CBX4,6.00871602774512e-07
TFs_and_others_PCGF3,-1.1711462916606723e-08
TFs_and_others_NRP2,1.165842107450722e-08
TFs_and_others_ZNF417,-1.0434910591184722e-07
TFs_and_others_RBM22,9.830054227227215e-07
TFs_and_others_PHF13,1.5369366777536215e-06
TFs_and_others_GTF2B,4.703258025690063e-06
TFs_and_others_RFX7,1.8322360771661935e-06
TFs_and_others_RBM15,1.271205175734819e-06
TFs_and_others_PDX1,3.010139483817776e-06
TFs_and_others_ATF6,6.529460301810491e-07
TFs_and_others_DIDO1,1.2567928763661475e-06
TFs_and_others_SLC30A9,2.0203268833390023e-07
TFs_and_others_ZNF516,3.076712632623446e-06
TFs_and_others_LHX6,4.120006744039225e-06
TFs_and_others_RNF2,9.812938419208687e-06
TFs_and_others_ZNF652,-6.833394874360899e-07
TFs_and_others_ZNF687,-4.47846216558785e-06
TFs_and_others_VRK1,6.63453793349131e-07
TFs_and_others_CBX1,3.320602035837751e-06
TFs_and_others_HOXC9,2.540429793897949e-06
TFs_and_others_ZNF318,1.1807851473233739e-06
TFs_and_others_NFIA,1.865328495360818e-06
TFs_and_others_CDAN1,4.252318495002162e-07
TFs_and_others_CCAR2,6.088466128695333e-07
TFs_and_others_YEATS4,1.3775938565536503e-06
TFs_and_others_SOX4,-1.117349860404349e-06
TFs_and_others_ZSCAN5C,-1.2500702234116879e-06
TFs_and_others_SMARCB1,-3.6189828119789105e-06
TFs_and_others_MAPK1,2.792728336665188e-08
TFs_and_others_N6AMT1,1.5425309183607026e-06
TFs_and_others_MAP1LC3B,1.0638216335173126e-06
TFs_and_others_ZNF146,2.433538490028552e-06
TFs_and_others_ZNF530,-4.1500505286767186e-07
TFs_and_others_KMT2D,-2.851144461760242e-06
TFs_and_others_NFIX,5.589645259117717e-07
TFs_and_others_MXI1,-2.6432050130091694e-06
TFs_and_others_ZNF486,-1.4428988903424096e-07
TFs_and_others_ZBTB38,9.338388788544097e-08
TFs_and_others_FOXJ3,3.9795115544146097e-07
TFs_and_others_pFM2,3.9177027935856785e-08
Histone_H3.6,-6.683650495299085e-07
TFs_and_others_FBP1,-3.565617133564659e-06
Histone_H2A.ZK4K7K11ac,-8.491075629024985e-06
TFs_and_others_PCBP1,-3.3489435636795553e-07
TFs_and_others_O-GlcNAc,7.266391649196195e-07
TFs_and_others_ARHGAP35,1.314867381348432e-07
TFs_and_others_KDM4A,-1.8967466621630111e-06
TFs_and_others_ZNF138,1.0722670425348147e-06
TFs_and_others_CHUK,1.2581174298328893e-06
TFs_and_others_GTF3C2,4.237728159105738e-06
TFs_and_others_HK2,6.564528744851207e-07
TFs_and_others_TRIM22,1.2834215684129675e-06
TFs_and_others_TIGD6,8.470605121381629e-08
TFs_and_others_CUX1,-7.684622695339875e-07
TFs_and_others_ICE2,3.9125019644234425e-07
TFs_and_others_BRD7,-1.0029512943872642e-06
TFs_and_others_MIF,4.1573131513930435e-07
TFs_and_others_ARID4B,1.3252965112230648e-06
TFs_and_others_ZNF219,1.9858397685627254e-06
TFs_and_others_HDAC2,4.008389395671369e-06
TFs_and_others_ZNF133,3.767268852362572e-06
TFs_and_others_TEAD3,7.635012952014987e-07
Histone_H2,1.2226903436179208e-07
TFs_and_others_UBP1,4.892622409352841e-07
TFs_and_others_MLLT10,-2.2181656550219913e-06
TFs_and_others_HBP1,-1.4621198082604548e-06
TFs_and_others_ZNF24,-7.893708076462712e-06
TFs_and_others_ESRRB,8.629301059692781e-07
Histone_H2BK20ac,2.3410700132215574e-06
TFs_and_others_PCNA,3.873635692806716e-08
TFs_and_others_ZNF518A,-1.13520618578315e-07
TFs_and_others_ZNF266,-8.142474397658263e-07
TFs_and_others_MBD5,1.0227080589036624e-06
TFs_and_others_PBX1,5.61540313323798e-07
TFs_and_others_NCOA1,4.474162511280937e-06
Histone_H3K4ox,3.1085435740635354e-06
Histone_H3K9Kac,-1.6234990132855544e-06
TFs_and_others_RFX2,-1.4919447692478884e-07
TFs_and_others_ZNF213,-1.0647823827117086e-06
TFs_and_others_ADNP2,-1.1475637651078982e-07
TFs_and_others_BEND3,-1.211060024488677e-07
TFs_and_others_CREB3,-2.008635178356925e-07
TFs_and_others_SPIN1,-9.057520447150808e-08
TFs_and_others_XRCC4,-2.0388461145425995e-07
TFs_and_others_ZNF174,1.8343423285563144e-07
TFs_and_others_TRAFD1,2.4951946237517046e-07
TFs_and_others_NR2C1,6.059882312846108e-07
TFs_and_others_DICER1,9.840030751902434e-08
TFs_and_others_UBE2I,1.1571900732555659e-07
TFs_and_others_IRF5,5.30002606099682e-07
TFs_and_others_ANAPC1,5.34882367982728e-07
TFs_and_others_JARID2,1.6271756850412476e-06
TFs_and_others_EN1,3.6261724186741817e-06
TFs_and_others_NCL,5.548893791209972e-06
TFs_and_others_KDM5A,1.4559938679598318e-05
TFs_and_others_MEIS2,9.663109058401206e-06
TFs_and_others_ZNF134,6.553636429183837e-06
TFs_and_others_ZNF384,1.3071426866851657e-05
TFs_and_others_SUPT20H,1.930622994359692e-06
TFs_and_others_PML,7.064559308469389e-06
TFs_and_others_LDB2,6.658989728375625e-06
TFs_and_others_JAZF1,2.111107652278117e-05
TFs_and_others_STAT5A,1.5700876060946113e-05
TFs_and_others_MBD3,2.3431040638795446e-05
TFs_and_others_NOTCH3,2.1113582654656758e-06
TFs_and_others_ZGPAT,2.0060324638412838e-06
TFs_and_others_FANCM,7.506249746195822e-06
TFs_and_others_BRD1,8.408131259530173e-06
TFs_and_others_REST,2.600691275786226e-05
TFs_and_others_ZNF780A,1.285577180820756e-06
TFs_and_others_POU2F1,1.2887983292408075e-06
TFs_and_others_SOX18,-4.736024626491182e-07
TFs_and_others_CARM1,2.156139355103819e-07
Histone_H2A.XS139ph,-1.3152766748500742e-06
TFs_and_others_PCGF2,4.123470470459476e-06
TFs_and_others_ZNF786,4.934680777755644e-06
TFs_and_others_FOXP1,1.4262680960514845e-05
TFs_and_others_SAFB,-2.4455816692211605e-06
TFs_and_others_ZKSCAN1,-2.00250413539195e-06
TFs_and_others_ETV6,-1.2969418827288156e-05
TFs_and_others_NUP214,2.8457785095067267e-06
TFs_and_others_TCF21,9.123605538003128e-06
TFs_and_others_ZNF383,8.300642602660462e-06
TFs_and_others_HMG20B,9.904074111274743e-06
Histone_H2BK5ac,2.5018633421019713e-05
TFs_and_others_TEX10,1.799208422807069e-06
TFs_and_others_CIZ1,2.593002666022348e-06
TFs_and_others_ZNF717,8.149005190091259e-07
Histone_H3K31ac,1.929250751795356e-06
TFs_and_others_WDR82,6.783607617211196e-07
TFs_and_others_PAX8,2.261898791231046e-06
TFs_and_others_MED4,2.738297848671601e-07
TFs_and_others_ISL2,-2.2736029577280267e-06
TFs_and_others_SPDEF,-3.0660601387986883e-06
TFs_and_others_TFE3,-9.650490228420779e-06
TFs_and_others_ZNF503,8.761671475893077e-08
TFs_and_others_PRPF4,8.695852160550314e-06
TFs_and_others_HOXA7,3.040576303297183e-05
TFs_and_others_PHOX2B,3.7250480838257344e-05
TFs_and_others_RARA,3.560297976883779e-05
TFs_and_others_GFI1B,-5.020794134625984e-06
TFs_and_others_SUMO2,-1.218291070663823e-05
TFs_and_others_MYH11,-2.616220549417126e-06
TFs_and_others_XRCC1,-1.331777017877595e-06
TFs_and_others_THAP4,1.2647595425236557e-07
TFs_and_others_KLF16,6.59876267285941e-07
TFs_and_others_ZNF334,-9.70512077162652e-06
TFs_and_others_ERBB2,-8.143072972469233e-06
TFs_and_others_CEBPB,-2.806307069113463e-05
TFs_and_others_MTHFD1,-3.317755038932778e-06
TFs_and_others_CDKN1B,-8.956353679384291e-06
Histone_H2A.Z.1,-1.0165953876070467e-06
TFs_and_others_ZNF432,-9.779061892535958e-07
TFs_and_others_ZNF843,-1.1058252853924985e-06
TFs_and_others_POGZ,9.358826911267021e-07
TFs_and_others_GLIS3,3.341112588851801e-07
Histone_H3K122sc,-1.578145055979686e-07
TFs_and_others_CASP3,2.658972063909626e-07
TFs_and_others_PTBP3,3.811547233411216e-07
TFs_and_others_ZNF280A,7.7306112064176e-07
TFs_and_others_HIF1A,1.2068622706961304e-06
TFs_and_others_BCLAF1,2.079333600351101e-06
TFs_and_others_TIGD3,3.084364935409373e-07
TFs_and_others_RPA1,2.800935336575342e-08
TFs_and_others_SVS-1,9.358452027403586e-07
TFs_and_others_DR1,7.774509097765358e-07
TFs_and_others_MEF2D,1.9136787323795905e-06
TFs_and_others_STAT4,-3.3599753607310373e-06
TFs_and_others_ZNF211,-4.26187442203864e-06
TFs_and_others_CEBPA,-1.1995677698798402e-05
TFs_and_others_ALOX5,1.5436101515538672e-06
TFs_and_others_HOXB2,2.44536573468879e-06
TFs_and_others_HNF1B,9.428856755794372e-06
TFs_and_others_PAX6,1.821449337224563e-06
TFs_and_others_ZNF302,1.0881884745316262e-06
TFs_and_others_UPF1,4.7567759927901245e-07
TFs_and_others_HINFP,6.572238281946222e-06
TFs_and_others_ZNF26,5.011400503421596e-06
TFs_and_others_SMAD2,3.385286205423965e-05
Histone_H3K14me3,2.229708071491298e-05
TFs_and_others_FOXA2,6.826705084974237e-05
TFs_and_others_RBFOX2,-2.5123016462637422e-06
TFs_and_others_BANP,7.8102708205451e-06
TFs_and_others_PLSCR1,1.5957619476086408e-05
TFs_and_others_CERS6,2.3904624230092333e-05
TFs_and_others_TET2,6.71002005072234e-05
TFs_and_others_MIXL1,7.007178375305411e-06
TFs_and_others_HMGN1,9.254505032033405e-06
TFs_and_others_FOXF1,5.449621284456318e-06
TFs_and_others_NIPBL,5.49717027343265e-06
TFs_and_others_ARNTL,1.2625013101663153e-07
TFs_and_others_ZNF483,-2.1986629271383367e-06
TFs_and_others_L3MBTL2,-5.916179989367888e-06
TFs_and_others_SUPT6H,-2.8030989402200395e-06
TFs_and_others_ZNF436,-1.8177125464691995e-06
TFs_and_others_FEZF1,-4.616943153708841e-06
TFs_and_others_KAT7,-3.1218429656594272e-06
TFs_and_others_SUPT16H,4.8523620439491155e-05
TFs_and_others_PHF8,5.9617141201783076e-05
TFs_and_others_5-mC,0.00019195345517670107
TFs_and_others_NFKBIZ,1.4152817298502053e-05
TFs_and_others_CDX1,1.51660776192108e-05
TFs_and_others_HNRNPC,5.292381603028234e-07
TFs_and_others_RFX3,1.4631962580761896e-07
TFs_and_others_MED1,2.627944220606347e-07
TFs_and_others_ZSCAN21,-4.863981222086385e-07
TFs_and_others_PHF5A,-4.730739539748666e-07
TFs_and_others_ZNF589,-1.1518759301293692e-05
TFs_and_others_MED9,-1.530500687346693e-05
TFs_and_others_STAG1,-4.425289522933018e-05
TFs_and_others_XRN2,-3.96782685661988e-06
TFs_and_others_ZNF8,-3.106593244564236e-06
TFs_and_others_SRPK1,-6.067176284130405e-06
TFs_and_others_RCOR2,-7.098271804005339e-06
Histone_H3K36me2,-2.0324992317116133e-05
TFs_and_others_ZNF703,-1.4066962182024043e-06
TFs_and_others_CCNT1,-3.6325012082657596e-06
TFs_and_others_ZNF655,-2.3284169273503423e-06
TFs_and_others_SMAD1,-7.059183627612465e-06
TFs_and_others_G-quadruplex,-2.4221158407554127e-06
TFs_and_others_RAD21L1,-3.007121934325213e-06
TFs_and_others_ZNF335,-6.685819661655411e-06
TFs_and_others_SON,3.901758583144277e-07
TFs_and_others_ICE1,2.1995158369021355e-06
TFs_and_others_ZNF597,3.4496979584255606e-07
TFs_and_others_ZNF382,1.0188439114215059e-06
TFs_and_others_KHSRP,5.377939116919175e-07
TFs_and_others_EBNA2,4.229927493119389e-06
TFs_and_others_MYOG,2.564559443551633e-06
TFs_and_others_ZNF121,1.085750257140022e-05
TFs_and_others_LIN28B,-3.6493441623775993e-07
TFs_and_others_BRF2,-5.252281262925719e-07
TFs_and_others_ZBTB8A,-2.995923115352151e-06
TFs_and_others_CHAT,-2.5288911034038864e-07
TFs_and_others_REC8,-1.6259039548509805e-07
TFs_and_others_ZNF701,8.946053643895831e-08
TFs_and_others_ZNF561,3.5225409858401893e-07
TFs_and_others_ZBTB34,6.728872148742523e-07
Histone_H3S57ph,8.756093168570542e-07
TFs_and_others_THRA,9.738073550938701e-06
TFs_and_others_ZNF615,8.455388117064479e-06
TFs_and_others_EOMES,2.4287891885669878e-05
TFs_and_others_ZMYND11,1.301598913138192e-06
TFs_and_others_WHSC1,1.4326208582056733e-06
TFs_and_others_SAMD1,-4.225403167515088e-07
TFs_and_others_ZBTB42,-4.822843270760854e-07
TFs_and_others_PCGF1,-1.3958855832118588e-06
TFs_and_others_ZNF17,3.2190613734771636e-07
TFs_and_others_ELK1,1.6954528110310081e-06
TFs_and_others_ZNF212,7.194419146087539e-07
TFs_and_others_CTBP1,1.8453084662123526e-06
TFs_and_others_HES7,4.830580966159937e-07
TFs_and_others_ATF5,6.765721914547983e-07
TFs_and_others_MCM2,6.426040631577143e-07
TFs_and_others_ZSCAN5D,-8.736449911683682e-07
TFs_and_others_SS18L1,-3.0836842627503256e-06
TFs_and_others_MCM5,-8.518641192607597e-08
TFs_and_others_CPSF3L,3.41883873488928e-07
TFs_and_others_RORB,7.025170439723737e-06
TFs_and_others_TOP2B,8.988575281774276e-06
Histone_H3K9me2,2.9482142001760136e-05
TFs_and_others_BAHD1,6.8850429401832315e-06
TFs_and_others_POU2F2,1.7348837840745344e-05
TFs_and_others_POLA1,6.858421539836129e-07
TFs_and_others_STAG3,3.2947521909539505e-07
TFs_and_others_PARK7,-2.769413695400624e-07
TFs_and_others_ZNF148,-7.541811298891728e-07
TFs_and_others_ZNF691,2.0035379680063258e-07
TFs_and_others_ATOH8,-6.154857973322952e-07
TFs_and_others_ZNF282,-3.524769356391387e-07
TFs_and_others_CEBPG,-1.537166527083956e-06
TFs_and_others_HNRNPA2B1,2.770467676955553e-07
TFs_and_others_BBX,3.6305689379897198e-06
TFs_and_others_ZNF207,3.622964290110631e-06
TFs_and_others_RBPJ,9.541718653423765e-06
TFs_and_others_SOX1,3.351319887476212e-07
TFs_and_others_TBX18,7.031770131322314e-06
TFs_and_others_NOS2,-2.5596291658173087e-06
DNase-seq_DNase-Seq,-3.6846082278391044e-06
TFs_and_others_TOP1,-4.056476155284722e-06
TFs_and_others_TP53,-5.4966974723109004e-06
TFs_and_others_SOX9,1.2856741421245064e-05
TFs_and_others_EPCAM,1.823884847926944e-05
TFs_and_others_SOX17,5.2534414017454484e-05
TFs_and_others_ZSCAN31,5.154492773798178e-06
TFs_and_others_PRMT3,5.5989170839916716e-06
TFs_and_others_ZNF583,6.784622512927226e-06
TFs_and_others_LCOR,8.04063226519447e-06
TFs_and_others_KAT6B,2.2160025336048964e-05
TFs_and_others_CPSF1,1.22378010858931e-06
TFs_and_others_ALKBH1,3.3455617986271423e-06
TFs_and_others_DEAF1,2.6202019778388686e-06
TFs_and_others_SUMO1,7.905874968854153e-06
TFs_and_others_ZNF404,5.121770980347957e-07
TFs_and_others_RPA2,4.6679882868762067e-07
TFs_and_others_ARRB1,-3.8464958419859264e-08
TFs_and_others_MBD6,-1.1515788619748297e-06
TFs_and_others_ZC3H10,-6.063094796246237e-07
RNA_polymerase_GTF3C1,-2.90360802800607e-06
TFs_and_others_KLF17,4.43080792196503e-06
Histone_macroH2A2,8.168152932926042e-06
TFs_and_others_EBF1,2.243817987212421e-05
TFs_and_others_ASXL1,7.638744579050121e-06
TFs_and_others_BMI,3.37995526833457e-06
TFs_and_others_SKI,3.4051313973887467e-06
TFs_and_others_EBF3,6.894144696265488e-06
TFs_and_others_SUPT5H,6.425691133711979e-06
TFs_and_others_ATOH1,1.4674048940155105e-06
TFs_and_others_DDX55,1.5090756877049373e-05
TFs_and_others_XRCC6,1.9544824421831097e-05
TFs_and_others_THAP11,5.57207316355211e-05
TFs_and_others_DCP2,2.9967510169577546e-06
TFs_and_others_MCPV ST,3.235358577185324e-06
TFs_and_others_BDP1,-8.447829238464017e-07
TFs_and_others_IKZF4,1.432604960264838e-07
TFs_and_others_SATB2,5.929648949942058e-07
TFs_and_others_PCGF6,3.299294415532435e-07
TFs_and_others_BATF,3.3072929878541795e-06
TFs_and_others_GATAD2B,-5.096806547756682e-07
TFs_and_others_ASCL1,9.88251657066901e-11
TFs_and_others_ZNF579,-6.801705904579299e-07
TFs_and_others_ZMAT4,3.1018841550546947e-07
TFs_and_others_PADI2,2.0694059954466687e-06
TFs_and_others_ZNF585B,5.5713230520444986e-06
TFs_and_others_ZNF674,5.005699362903049e-06
TFs_and_others_PCBP2,5.259819473363745e-06
TFs_and_others_ZMYM3,1.433376462242474e-05
TFs_and_others_ATF7IP,9.381988225222185e-07
TFs_and_others_TSC22D2,-3.378598599062863e-06
TFs_and_others_ZNF581,-6.010473364530384e-06
TFs_and_others_ERG,-1.7843386073361843e-05
TFs_and_others_ZNF350,-1.3789177299980427e-06
TFs_and_others_ZNF44,-1.1462279592913732e-06
TFs_and_others_PRRX2,-3.713603640629581e-06
TFs_and_others_TFCP2,-5.309913718308299e-06
Histone_H3K18cr,-1.485096004644836e-05
Histone_H4K5cr,-2.6735988795640723e-07
TFs_and_others_MAU2,4.971195013838938e-06
TFs_and_others_EED,2.0238902699512917e-06
RNA_polymerase_RNA polymerase II,5.930740367302599e-06
TFs_and_others_ZNF260,-2.9407552060397393e-07
TFs_and_others_LHX5,-2.113270927673254e-07
Histone_H3S10ph,-4.662033791755023e-08
TFs_and_others_ZBTB16,8.034945055721888e-08
Histone_H3T45ph,3.6177847345003106e-07
TFs_and_others_ZNF280D,1.103570118418787e-06
TFs_and_others_EVX1,4.852953829720393e-06
TFs_and_others_ZC3H4,6.28004903455541e-06
TFs_and_others_NRF1,1.695204798614219e-05
TFs_and_others_SMC1B,1.1656519611988302e-06
TFs_and_others_ZNF76,1.9182252285767144e-06
TFs_and_others_SOX5,2.12416196945743e-05
TFs_and_others_BRAF,2.4627842073885284e-05
TFs_and_others_RBM25,8.272865327823565e-05
TFs_and_others_ZMAT3,1.413288264873845e-05
TFs_and_others_ISL1,3.263236733974363e-05
TFs_and_others_PAF1,-8.776542263944552e-05
TFs_and_others_ZNF529,-0.00011024199602848002
TFs_and_others_Epitope tags,-0.0003169452569197513
TFs_and_others_PPARD,-2.2302361879316834e-05
TFs_and_others_NR1H4,-2.3348612729296155e-05
TFs_and_others_ZNF550,4.569626442450208e-07
TFs_and_others_MSC,2.7865414356870667e-07
TFs_and_others_ZNF784,7.563134806954605e-07
TFs_and_others_ZNF410,-7.728456554907303e-08
TFs_and_others_ZNF598,-1.9095085366814716e-07
TFs_and_others_ZSCAN26,-1.1707309217409773e-06
TFs_and_others_NEUROD2,-1.7362758426229062e-06
TFs_and_others_POLR3C,-4.538602206906366e-06
TFs_and_others_ZNF423,-5.907991849744317e-07
TFs_and_others_BRCA2,-3.801685429721443e-08
TFs_and_others_GLMP,-5.641965275763304e-08
TFs_and_others_HMGB2,-2.596031990732372e-07
TFs_and_others_MLX,1.3636621242421842e-07
TFs_and_others_NCAPG,1.647317117342841e-07
Histone_H2BP1me1,1.0916659764250646e-07
TFs_and_others_TGIF2LX,1.9775457238953298e-07
TFs_and_others_MIER3,2.7753185741968205e-07
TFs_and_others_ZNF521,-1.0470582566388777e-06
TFs_and_others_NEIL1,-9.920205915566235e-07
TFs_and_others_BRD9,-2.3644306043807555e-06
TFs_and_others_KLF11,1.4370897079209245e-06
TFs_and_others_SPEN,2.5618639935123225e-06
TFs_and_others_SMARCA1,3.736288843988567e-06
TFs_and_others_GLIS1,9.382691965498317e-06
TFs_and_others_GATAD1,5.655173891845273e-06
TFs_and_others_NFATC4,1.92089787914295e-06
TFs_and_others_MTA3,2.852581297798623e-06
TFs_and_others_TEAD2,1.050038775281887e-07
TFs_and_others_ZBTB6,-2.200572934730291e-07
TFs_and_others_ATR,7.660734459665125e-08
TFs_and_others_USF3,2.9315325477945054e-09
TFs_and_others_NUFIP1,-1.5400313871221405e-07
TFs_and_others_PTEN,-6.897820564093459e-07
TFs_and_others_MLXIP,-1.1246929723134915e-06
TFs_and_others_PROX1,-5.62298932940234e-07
TFs_and_others_NKX2-8,-5.4341732232505315e-06
TFs_and_others_AGO1,-7.76401784412709e-06
TFs_and_others_SS18,-1.7775855695052296e-05
TFs_and_others_SCRT2,-9.094271932562699e-07
TFs_and_others_ERCC2,-5.865445523236633e-07
TFs_and_others_NELFB,4.957357202289613e-07
Histone_H3K27me2,1.4568243303702024e-07
TFs_and_others_MBNL3,1.1284700934471418e-07
TFs_and_others_YBX3,2.653689149069567e-06
Histone_H3K5ac,7.336321925655073e-06
TFs_and_others_PROSER1,1.3611198203392315e-05
TFs_and_others_C11orf53,2.0955720044027185e-05
TFs_and_others_GPBP1L1,4.9609519422131296e-06
Histone_H4,9.919178784972215e-06
TFs_and_others_WTAP,5.996896013160819e-07
TFs_and_others_SMARCD1,8.90238216041695e-07
TFs_and_others_ZNF664,5.16070804727243e-07
TFs_and_others_WDR33,7.679363104559416e-07
TFs_and_others_PHTF2,-1.0885904971541738e-08
TFs_and_others_PAX9,-3.7261161606483234e-08
Histone_H3K28ac,-7.64810818741042e-08
TFs_and_others_ZNF511,1.2019471544470213e-06
TFs_and_others_SNAPC4,1.9781732017966168e-06
TFs_and_others_MESP1,1.480055993334072e-06
TFs_and_others_STAT5,1.5992305804177113e-07
TFs_and_others_SMAD9,-1.359252024486057e-06
TFs_and_others_GTF3A,-1.943045683821797e-06
TFs_and_others_CPSF6,-5.402144869039795e-06
TFs_and_others_PAD2,-1.6398040006423028e-07
TFs_and_others_ZNF425,5.102017271985696e-07
TFs_and_others_ZNF616,1.374839379569664e-06
TFs_and_others_CEBPE,3.9781592724499247e-07
TFs_and_others_NUP153,5.865486472287413e-07
Histone_H3R26cit,1.2425040416009854e-06
TFs_and_others_NFE2L1,-1.3861450808829067e-06
TFs_and_others_HBZ,9.430036197120679e-07
TFs_and_others_ZNF711,-3.1613974284357005e-06
TFs_and_others_HHEX,7.4866581925223235e-06
Histone_H3R8me2,8.612478561168294e-07
TFs_and_others_PBX2,2.928614112483281e-06
TFs_and_others_TFDP2,8.1362699543451e-07
TFs_and_others_STAT5B,-4.1353060711136747e-07
TFs_and_others_ZNF622,9.941670948742269e-08
TFs_and_others_ZSCAN5A,3.839699859180043e-07
TFs_and_others_ZFP36L2,9.647208142556727e-08
TFs_and_others_ZNF584,2.1653706367212998e-07
TFs_and_others_PRMT5,-1.8990738192506428e-07
Histone_H3R17me2,-1.4907900720107495e-06
TFs_and_others_DDX17,-1.1509638367391014e-06
TFs_and_others_UBTF,-2.9071944863980136e-06
TFs_and_others_POU2F3,6.262319579253913e-06
TFs_and_others_ZNF639,-1.1766565879364764e-07
TFs_and_others_F2RL1,7.594848586619041e-07
TFs_and_others_DNMT3L,7.510252375447865e-08
TFs_and_others_ETS2,1.1513597829052966e-07
TFs_and_others_PHF10,2.634561133181599e-07
TFs_and_others_MAML3,3.1144129373056925e-06
TFs_and_others_ADAR,4.7886170823966445e-06
RNA_polymerase_RNA polymerase III,2.043641934626358e-05
TFs_and_others_NR2E1,1.212029827845548e-05
TFs_and_others_SNAI2,2.836078900098605e-05
TFs_and_others_LYL1,9.061207671143637e-06
TFs_and_others_OVOL3,2.3469318918253477e-06
TFs_and_others_TARDBP,1.6527677562160603e-06
TFs_and_others_ZBTB5,1.1775383516420074e-06
TFs_and_others_RAD51,1.6659478380223959e-06
TFs_and_others_PTBP1,6.639675631622712e-07
TFs_and_others_ZNF772,6.355998964804769e-07
TFs_and_others_ZNF367,2.1656377879178374e-07
TFs_and_others_ZNF317,5.330893949837069e-07
TFs_and_others_KANSL3,-6.0282194555822345e-06
TFs_and_others_BCL10,-7.563359104625363e-06
TFs_and_others_BCOR,-2.2122182145268208e-05
TFs_and_others_ZNF891,-1.5250068778032056e-06
TFs_and_others_U2AF2,-9.778715132490727e-07
TFs_and_others_KSHV LANA,1.0043844350571947e-06
TFs_and_others_ZNF600,6.389899932375753e-06
TFs_and_others_TET3,7.476312800418709e-06
TFs_and_others_TAL1,2.0033671094358994e-05
TFs_and_others_CTNNB1,5.537399430418884e-06
TFs_and_others_MXD3,1.5697578438719563e-06
TFs_and_others_GTF3C5,-1.100491301909103e-07
TFs_and_others_OVOL2,-7.506217677385893e-08
TFs_and_others_MEPCE,-1.1805519055695332e-06
TFs_and_others_RTF1,-1.6639826707128323e-06
TFs_and_others_TAF3,-3.993870686427152e-06
TFs_and_others_BrdU,-6.527757022032861e-07
TFs_and_others_ZNF524,-4.87190367011529e-07
TFs_and_others_SKIL,-8.0809131725752e-07
TFs_and_others_NFATC2,-2.1112706799702386e-07
TFs_and_others_C17orf96,-1.306513570417924e-07
TFs_and_others_ZNF48,-1.4617393019186004e-07
TFs_and_others_NR1D1,1.0993575492569903e-06
TFs_and_others_ZNF333,1.2337620250958385e-06
TFs_and_others_E2F6,3.4280976102729723e-06
TFs_and_others_ZNF223,3.467065937769806e-07
TFs_and_others_MRE11A,4.194606265426393e-06
TFs_and_others_NME2,9.272242287946325e-06
TFs_and_others_SMARCC1,2.436254109361825e-05
TFs_and_others_TFCP2L1,3.525671477591721e-06
TFs_and_others_ZNF778,3.3453021714506727e-06
TFs_and_others_ZNF239,2.1415082118241454e-07
TFs_and_others_ZNF296,2.060173432425172e-07
TFs_and_others_ZNF700,7.920957575232507e-07
TFs_and_others_ZFP62,7.301602256726164e-07
TFs_and_others_THAP9,4.130862297533361e-06
TFs_and_others_GZF1,1.9615323764783825e-06
Histone_H3K9K14ac,5.022010908596199e-06
TFs_and_others_MSH6,2.4340025651967677e-06
TFs_and_others_KDM6B,-3.7370260401661925e-06
TFs_and_others_ZNF316,-2.441873785241827e-06
TFs_and_others_EP300,-3.819833126495892e-05
TFs_and_others_ZNF33A,-2.7516203293393256e-06
TFs_and_others_ZBED4,-4.3852049913303725e-06
TFs_and_others_SNAPC5,8.840291637066052e-07
TFs_and_others_HDAC8,-1.6098899442953026e-06
TFs_and_others_FOS,-4.285051319307595e-06
TFs_and_others_FOXD3,-1.5874080509672653e-06
TFs_and_others_CDYL2,-2.8517991585164666e-06
TFs_and_others_CXXC1,-7.2597194681044e-07
TFs_and_others_MGMT,-3.0391140476198385e-06
TFs_and_others_WDR61,-1.5473092206215888e-06
Histone_H3K4ac,-4.343112932758112e-06
TFs_and_others_MATR3,1.650802628037105e-05
TFs_and_others_NR5A1,1.3947195848387121e-05
TFs_and_others_SATB1,3.725025083924231e-05
TFs_and_others_FOSB,3.9517769219250375e-06
TFs_and_others_NCOR2,3.001507498258048e-06
TFs_and_others_ZSCAN4,1.4518698889108989e-05
TFs_and_others_INO80,3.6182875087138613e-06
TFs_and_others_CDK12,1.0558203470931374e-05
TFs_and_others_ZNF19,-7.921512314045599e-07
TFs_and_others_MGEA5,-5.671944668174859e-07
TFs_and_others_ZNF788,-4.513538640163812e-06
TFs_and_others_SSRP1,-1.442694736211985e-06
TFs_and_others_PRDM4,-2.0361160226182156e-06
TFs_and_others_LEO1,-4.333658112829346e-06
TFs_and_others_MTF2,-1.3561102379268087e-07
TFs_and_others_NAB2,-1.0044715289347457e-06
TFs_and_others_DDIT3,-4.6453259391715327e-07
TFs_and_others_MAML1,-3.624440930486766e-06
TFs_and_others_ZKSCAN8,-4.737170244033422e-07
TFs_and_others_ZIC2,2.2791490603242137e-06
TFs_and_others_HOXA9,4.717477951876402e-06
TFs_and_others_PPARG,1.379974896060199e-05
TFs_and_others_NCOA4,1.2796534838143643e-06
TFs_and_others_ETV4,1.8022835845503891e-06
TFs_and_others_HNRNPUL1,3.0695973079738513e-07
TFs_and_others_FMR1,2.6502333593775567e-08
TFs_and_others_ZNF397,-3.635159043874018e-07
TFs_and_others_INSR,-4.6662467677841476e-07
TFs_and_others_KLF3,-1.5073635918119039e-06
Histone_H3R3me2,2.7028985304341887e-07
Histone_Pan lysine acetylation,2.87411233569862e-07
TFs_and_others_ESRRG,1.1744619107980688e-06
Histone_Pan lysine crotonylation,-9.063689392150484e-08
TFs_and_others_HIVEP3,5.841316103618611e-08
TFs_and_others_HEY2,1.6059431699858847e-07
TFs_and_others_NR3C2,1.9879993210317623e-07
TFs_and_others_ZNF84,6.219127345820342e-07
TFs_and_others_ZNF3,4.6766171564888554e-07
TFs_and_others_SAG,2.0315208856434496e-07
TFs_and_others_ZFP82,5.836764731600512e-07
TFs_and_others_ZNF747,2.2373275209401418e-07
TFs_and_others_RBM34,2.515690880465833e-07
TFs_and_others_ZBTB25,6.938606377541936e-07
TFs_and_others_INTS6,3.6165916202336493e-07
TFs_and_others_PALB2,2.0967287491469977e-06
TFs_and_others_NCAPG2,2.1754445022337203e-06
TFs_and_others_ARID2,6.9593430471879265e-06
TFs_and_others_MBD2,4.1995035022207025e-06
TFs_and_others_ZNF629,9.029901452122917e-06
TFs_and_others_SMC2,1.7472863771481304e-06
TFs_and_others_TAF9B,4.340907225943214e-06
TFs_and_others_ZBTB4,7.050941715676111e-07
TFs_and_others_POU2AF1,8.712677269372579e-07
TFs_and_others_KDM5D,3.381435946899937e-08
TFs_and_others_ETS1,1.4784092538181318e-07
TFs_and_others_NLRP2,9.104798297273183e-07
Histone_H1.2,1.6876305167123722e-06
TFs_and_others_PRMT1,1.1776367954012477e-06
Histone_H2A.Z.2,1.7512709302564238e-07
TFs_and_others_PGBD5,8.149624620333075e-08
TFs_and_others_ZNF488,1.5610115975360188e-07
TFs_and_others_ZC3H11A,3.522035113659078e-09
Histone_H3K4me,-8.734191986161044e-08
TFs_and_others_CRTC2,-1.5734781977941847e-06
TFs_and_others_ZBTB44,-5.777303425709983e-07
TFs_and_others_NCOR1,3.3898419168828546e-07
TFs_and_others_TFAP2B,-5.107687178372224e-07
TFs_and_others_TP63,5.021343064622734e-06
RNA_polymerase_POLR3C,-3.159305184947429e-06
TFs_and_others_ASF1A,1.4820631901160074e-06
TFs_and_others_CREB1,1.326135756953072e-06
RNA_polymerase_POLR2B,2.8051650234044507e-06
TFs_and_others_RHOXF2B,3.986424254097312e-06
Histone_H4K5bu,4.914467097880267e-06
TFs_and_others_ZNF274,1.4054291054407341e-05
TFs_and_others_CD74,1.129204057373078e-06
TFs_and_others_RBAK,1.4984210895524926e-06
TFs_and_others_ELAVL1,1.6431431430326355e-07
TFs_and_others_ZNF280C,2.555232236099263e-06
TFs_and_others_PIAS4,3.5996642417465386e-06
TFs_and_others_SOX2,1.0210904959975675e-05
TFs_and_others_ZNF580,1.1718196720356785e-06
TFs_and_others_HES1,-5.929402068434251e-07
TFs_and_others_ZNF414,-2.004060486517135e-06
TFs_and_others_EWSR1,-3.0543897099290784e-06
TFs_and_others_SNAPC1,1.7918099130626044e-06
TFs_and_others_NFATC3,2.1595239318520075e-06
Histone_H3.5,-2.830630181051292e-07
TFs_and_others_LMNB1,-2.992266330171764e-06
TFs_and_others_HES4,-3.5959569611891975e-06
TFs_and_others_ZBTB26,-8.831803216076183e-06
TFs_and_others_Biotin,-3.0018259299436914e-06
RNA_polymerase_POLR2M,-3.6386141478428046e-08
TFs_and_others_KDM4B,1.367477415300041e-06
TFs_and_others_GMEB2,1.593450902138222e-07
Histone_H3S28ph,4.654876430397554e-08
TFs_and_others_GLTSCR1,-4.5454856225316914e-09
TFs_and_others_CCNT2,-9.27336237316502e-07
TFs_and_others_HOXB8,-1.0630020786105008e-06
TFs_and_others_GLIS2,-4.168178766496137e-06
TFs_and_others_AKNA,-1.7376832671968103e-06
RNA_polymerase_POLR3A,-5.469353669215226e-06
TFs_and_others_DACH1,1.5154576588353529e-06
TFs_and_others_ZNF326,-7.952014777181267e-07
TFs_and_others_AGO2,-1.6591568440294463e-06
TFs_and_others_ZNF607,2.2982689781074482e-07
TFs_and_others_MED21,-7.311392721622278e-08
TFs_and_others_TAF2,1.6832970014251977e-07
TFs_and_others_KDM3B,-2.881009346506757e-07
TFs_and_others_PPARA,-6.670089863098758e-07
TFs_and_others_NONO,-1.468302005753493e-06
TFs_and_others_HNRNPLL,-3.455938955440332e-07
TFs_and_others_ZNF215,8.120274711341187e-08
TFs_and_others_CEBPZ,3.6490384900175016e-07
TFs_and_others_ELF2,4.6747289243353687e-07
Histone_H2AK120Ub,3.9777300446174224e-08
TFs_and_others_MYRF,1.1879630541169792e-07
TFs_and_others_RFXANK,-1.9126574763908212e-06
TFs_and_others_CHD3,-3.381356370093632e-06
TFs_and_others_SP1,-1.0322706329001795e-05
TFs_and_others_ZC3H8,4.166661666459062e-07
TFs_and_others_MLLT1,-2.087891738904193e-06
TFs_and_others_FOXP3,-4.0220498255424977e-07
TFs_and_others_MXD4,-5.144907785332206e-07
TFs_and_others_PDS5B,-1.919408699640232e-06
TFs_and_others_ZNF514,-2.2829200027222235e-07
Histone_H2AK5ac,-5.223000088851467e-07
TFs_and_others_BNC2,-8.793240910714331e-07
TFs_and_others_PAWR,2.410975819919076e-06
TFs_and_others_RAG2,5.209567521314725e-06
TFs_and_others_USF1,1.9759114083584873e-05
TFs_and_others_CHD7,1.6110636158895307e-05
Histone_H2BK120ub,3.433589501423414e-06
TFs_and_others_LMO2,4.21807499106302e-06
TFs_and_others_DDX11,-5.094743576990256e-08
TFs_and_others_PSMD1,-1.6153366371542313e-07
TFs_and_others_NFIL3,-4.196099940118719e-06
TFs_and_others_ZZZ3,-4.325005990567815e-06
RNA_polymerase_POLR1D,-1.2991065810986994e-05
TFs_and_others_DMTF1,-8.868347012168569e-07
Histone_H2BS112GlcNAc,-7.157278877772437e-07
TFs_and_others_NUSAP1,3.6783373311617175e-07
TFs_and_others_CHCHD3,1.0291339002485645e-06
TFs_and_others_METTL3,6.264676469580428e-08
TFs_and_others_CUL3,1.0659324234195723e-08
TFs_and_others_TSHZ1,-3.8127297902043343e-07
TFs_and_others_ZNF16,5.938334691860513e-08
TFs_and_others_APOBEC3B,-5.767350681977547e-08
TFs_and_others_ZNF431,4.657526626466986e-07
TFs_and_others_NUP93,4.344945663099207e-06
TFs_and_others_HAT1,4.034473192217612e-06
TFs_and_others_NELFCD,1.1826999441638157e-05
TFs_and_others_SVIL,-1.2321698025293753e-07
TFs_and_others_MYF5,-8.812650025955669e-07
TFs_and_others_KCMF1,-8.895836589096487e-07
TFs_and_others_PDHA1,1.6226717652086754e-06
TFs_and_others_ZNF697,-1.6592682515776452e-06
TFs_and_others_MITF,4.693249041756343e-06
TFs_and_others_ZNF277,8.974268182007877e-07
TFs_and_others_EEA1,2.291177133107899e-06
Histone_H4K20me3,6.5320002141649356e-06
TFs_and_others_KLF12,1.1981024431228343e-06
TFs_and_others_ZNF548,1.1261499937578508e-06
TFs_and_others_IRF2BP2,9.815221201729508e-07
TFs_and_others_REPIN1,1.2427671377137223e-06
TFs_and_others_GTF2E2,3.3121398757356044e-06
TFs_and_others_TEF,5.102600944892643e-07
TFs_and_others_TLX1,6.230755618287695e-07
TFs_and_others_ASH1L,5.334017570052494e-06
TFs_and_others_CIITA,6.6267374025122774e-06
Histone_H4K5ac,1.7967001354254503e-05
TFs_and_others_BRCA1,3.701644569182174e-06
TFs_and_others_LMO3,1.6474651729815979e-06
TFs_and_others_DNA2,2.776518078045121e-07
TFs_and_others_ZNF180,-1.7423222011639617e-07
Histone_H3T6ph,-7.821853732653638e-07
TFs_and_others_IRF1,-1.8760960557787827e-06
TFs_and_others_ATAD3A,-1.2834049679659925e-07
TFs_and_others_ASUN,5.143900128170974e-07
TFs_and_others_PHB,2.125492537026597e-07
TFs_and_others_FUBP1,7.002212516002069e-08
TFs_and_others_STAT2,-8.733168622950587e-08
TFs_and_others_MXD1,3.108741623400446e-07
TFs_and_others_ZNF558,7.403421258102493e-07
TFs_and_others_QRICH1,7.288514451656784e-06
TFs_and_others_SRSF7,5.288536637031738e-06
TFs_and_others_KDM1A,1.5105144946373596e-05
TFs_and_others_GREB1,-5.712670916482024e-07
TFs_and_others_KMT2B,-2.2821071663991898e-06
TFs_and_others_SP110,-1.6949749251367573e-07
TFs_and_others_XRCC5,4.4215746843522327e-07
TFs_and_others_LRIF1,9.47267984411642e-08
TFs_and_others_SALL4,-7.859016376274785e-07
TFs_and_others_E2F2,-3.202481431323822e-06
TFs_and_others_EZH2,-3.2015032868111052e-06
TFs_and_others_JUNB,7.29821523299496e-06
TFs_and_others_GFI1,1.1014872018783999e-06
TFs_and_others_DONSON,2.5528956914505384e-06
TFs_and_others_ZNF614,7.234959698298349e-07
TFs_and_others_CCND2,1.220444874965379e-06
TFs_and_others_PAXIP1,1.4747702807134252e-06
TFs_and_others_ZNF83,2.6272404290076555e-06
TFs_and_others_SMN1,6.43716677899775e-08
TFs_and_others_ZNF513,7.992220962913144e-08
TFs_and_others_ZNF662,2.7325021589917653e-07
TFs_and_others_HOXA3,1.4362206496454528e-06
TFs_and_others_TRIM24,2.4171218840663924e-06
TFs_and_others_ZFP3,9.719346494844266e-07
TFs_and_others_NCBP1,6.307123577613061e-07
TFs_and_others_ZNF695,3.450667178983759e-07
TFs_and_others_ZNF157,5.867248390850507e-07
TFs_and_others_HESX1,2.1004637935789617e-06
TFs_and_others_NFXL1,2.706140158718729e-06
TFs_and_others_RELB,9.356911711047004e-06
TFs_and_others_TCF7L1,3.213870918575931e-06
TFs_and_others_EMSY,8.652174813038397e-06
TFs_and_others_HMGN3,5.671739319843518e-07
TFs_and_others_CBX2,6.770912660994109e-07
TFs_and_others_ZSCAN23,3.4889534952161954e-07
TFs_and_others_FOXA3,1.0787537866917324e-06
TFs_and_others_ZNF430,-5.504676049434115e-07
TFs_and_others_CREBBP,-1.9771584604595454e-06
TFs_and_others_NABP2,-1.951004478222318e-06
TFs_and_others_MAF1,-1.6322644795574549e-06
TFs_and_others_WDR5,-2.977233158342296e-06
TFs_and_others_TCF15,-3.022191896462971e-07
TFs_and_others_RNF219,-3.425526435908515e-07
TFs_and_others_HNF4G,-6.669141125127881e-07
TFs_and_others_T,-1.8073677093893316e-06
TFs_and_others_DDX39B,-2.4900590057938206e-06
TFs_and_others_NELFE,-1.6649192467495727e-05
TFs_and_others_E2F8,-1.5795184064865448e-05
TFs_and_others_SPI1,-4.412453650857293e-05
TFs_and_others_ZNF445,-3.1589705074510006e-06
TFs_and_others_BACH2,-0.0001576382324091432
TFs_and_others_GTF2H2C,-0.00027715878860250286
Histone_H3K27ac,-0.0007815970488968769
TFs_and_others_FOXP2,-7.41471484989206e-05
TFs_and_others_EZH1,-8.256292428851026e-05
Histone_H1.4S187ph,6.735263866039819e-07
TFs_and_others_KAT6A,1.5536203877293932e-06
TFs_and_others_ZNF512B,1.4698811066920094e-06
TFs_and_others_FBXO44,1.341798553718005e-06
TFs_and_others_MIER2,3.1146228230292786e-06
TFs_and_others_KLF8,-2.2125254987202655e-06
TFs_and_others_PHF20L1,-4.020630604775958e-06
TFs_and_others_GATA4,-8.799263797134425e-06
TFs_and_others_ONECUT1,-3.3433901737295227e-06
TFs_and_others_TRIM33,-8.138191012912669e-08
TFs_and_others_ZNF70,2.433987153446258e-07
Histone_H4R3me2,6.137756657663541e-07
TFs_and_others_MYB,1.4829648223123657e-06
TFs_and_others_RIOK2,5.877253698004575e-07
TFs_and_others_ZNF354B,5.768500019397107e-07
TFs_and_others_IKZF3,1.353952676543389e-08
TFs_and_others_CUL4B,1.6466431849844386e-07
TFs_and_others_ZNF57,2.7717473942742804e-07
TFs_and_others_ETV5,8.94950509747203e-07
TFs_and_others_ZNF610,6.20049449258144e-07
TFs_and_others_CGGBP1,1.339394018127938e-06
TFs_and_others_TFB2M,6.402784235568902e-07
TFs_and_others_CTSG,9.163567369798972e-07
TFs_and_others_CREM,2.233248286824009e-06
TFs_and_others_POU3F2,2.2484575201419005e-07
TFs_and_others_MED6,4.368924383146286e-06
TFs_and_others_ZNF692,3.314462749667461e-06
TFs_and_others_ATF2,1.1614489648868922e-05
TFs_and_others_ZBTB7A,-2.495891491379536e-06
TFs_and_others_ZNF621,4.469722609826661e-07
TFs_and_others_CAMTA2,-1.9792979456471966e-06
TFs_and_others_ZNF830,-3.248973375642784e-06
TFs_and_others_WWTR1,-9.274256662313849e-06
TFs_and_others_HOXA4,-2.3644181356606e-06
TFs_and_others_CBFA2T2,-2.609873499775493e-06
Histone_H3.3 K27M mutant,-1.1307445043151383e-06
TFs_and_others_CSNK2A1,3.452524600377994e-07
TFs_and_others_HCFC1,1.9799574016418134e-06
TFs_and_others_BARX1,-7.517657530487927e-06
TFs_and_others_ZNF518B,-9.559271622832026e-06
TFs_and_others_MED12,-2.776367917772341e-05
TFs_and_others_PYGO2,-3.2295034527667884e-06
TFs_and_others_ZNF256,-1.670097110229352e-06
TFs_and_others_ZXDC,4.075006141509571e-07
TFs_and_others_ZNF791,8.56649833135638e-08
TFs_and_others_MAFK,-1.0410238638039346e-06
TFs_and_others_PRDM1,2.637685768198057e-07
TFs_and_others_SP3,1.3077630893301194e-07
TFs_and_others_SALL3,-1.8491709990551748e-07
TFs_and_others_ZNF33B,-9.646679541789517e-07
TFs_and_others_AFF1,-2.6157078815150108e-06
TFs_and_others_NKX2-2,-1.4343405025167324e-06
TFs_and_others_ZNF565,3.2423407999986533e-06
TFs_and_others_CDC45,4.450807171554193e-06
TFs_and_others_ZNF444,1.2818237841123529e-05
TFs_and_others_CDC16,4.4344569906533666e-07
TFs_and_others_NFE2,3.135282830890893e-07
TFs_and_others_ZNF776,2.756295525049186e-06
TFs_and_others_COBLL1,6.345947617969289e-06
TFs_and_others_PGR,1.7665051487766654e-05
TFs_and_others_CDK6,3.153775672409231e-06
TFs_and_others_SOX3,2.8169979952698e-06
TFs_and_others_PKM,2.3048433408698714e-05
TFs_and_others_MEOX2,2.712093423426084e-05
TFs_and_others_TLE3,7.983599986332284e-05
TFs_and_others_ZNF311,5.482289934448989e-06
TFs_and_others_NRIP1,8.230943508921527e-06
TFs_and_others_INTS10,2.304159385808509e-06
TFs_and_others_HSF1,5.452348449497787e-06
TFs_and_others_HMGB1,5.815993852780528e-06
TFs_and_others_NFKB2,6.9580484131090134e-06
TFs_and_others_YY1,1.556402323967713e-05
TFs_and_others_ZNF23,7.633140005439036e-08
TFs_and_others_TOP2A,-1.0577601920327726e-05
TFs_and_others_ARID1B,-1.577011524095622e-05
Histone_H3K122ac,-4.9051563293393675e-05
Histone_H3T11ph,-9.133531835875986e-06
TFs_and_others_GFP,-2.425270306565856e-05
TFs_and_others_ZNF250,1.2734128815001966e-07
Histone_H3K18la,1.8604127849649503e-07
TFs_and_others_ZNF41,2.097078869643132e-07
TFs_and_others_HIVEP1,-1.8013115418199153e-07
TFs_and_others_HJURP,4.11032826140452e-06
TFs_and_others_MNX1,4.6735993569987054e-06
TFs_and_others_RUNX3,4.7483179516885074e-05
TFs_and_others_PKNOX1,4.939162978758153e-05
Histone_H3K4me2,0.00012804957296573175
TFs_and_others_RFX1,1.998199106590303e-05
TFs_and_others_ZNF251,1.2606703219906613e-05
TFs_and_others_ZNF329,2.468115350988527e-06
Histone_H1.4K34ac,5.40578728709046e-07
TFs_and_others_CHD2,1.5905259275783293e-06
TFs_and_others_HDAC3,-1.5986764703768283e-07
TFs_and_others_HEYL,2.508261009965029e-07
TFs_and_others_NUTM1,-2.0012954790722452e-07
TFs_and_others_GTF2F1,1.8460493354556827e-06
TFs_and_others_RBM17,1.1634816272990836e-07
TFs_and_others_OTX1,5.2913478311107e-07
TFs_and_others_BHLHE41,-2.0428849475574763e-07
Histone_H3K30ac,-2.4875119242127577e-05
TFs_and_others_ZBTB33,-2.2930197700597466e-05
Histone_H2A.Z,-6.648768496507354e-05
TFs_and_others_FOXS1,-1.890390362735461e-06
TFs_and_others_PSIP1,-1.4642590336501982e-06
TFs_and_others_ZNF577,-1.0669916441796734e-06
TFs_and_others_ZBTB24,-3.2421615444750257e-06
TFs_and_others_EP400,-6.728889207839316e-06
TFs_and_others_TFAP2A,-2.031644970471628e-05
TFs_and_others_AKAP8,-2.2974801570052596e-06
TFs_and_others_MPHOSPH8,-2.575162953361351e-06
TFs_and_others_COPS2,-3.600370093845895e-07
TFs_and_others_RNF20,-3.2784231827827165e-07
TFs_and_others_MEN1,-1.0357261090645188e-06
TFs_and_others_DMRT2,-6.457873597295966e-08
TFs_and_others_ZNF560,-6.919502417013198e-08
TFs_and_others_TUBG1,1.8947435194165707e-08
TFs_and_others_ZNF670,1.5633441389352727e-08
TFs_and_others_ISX,-1.1725490117176998e-07
TFs_and_others_ZNF214,-1.6055358131426382e-07
Histone_H3.Y,-5.555771663672851e-07
TFs_and_others_SF3B1,-9.928514828658151e-08
TFs_and_others_ZNF526,-2.1724629651521083e-07
TFs_and_others_ZSCAN20,4.0984356382662135e-08
TFs_and_others_PAX7,-7.83357916683638e-08
TFs_and_others_ZSCAN16,5.518041489478528e-07
TFs_and_others_ING4,7.153802529015851e-08
TFs_and_others_CDK7,1.9778149990355667e-06
Histone_H1.4,-6.729547612850308e-07
TFs_and_others_HIRA,-6.494748214083926e-05
TFs_and_others_FOXN3,-8.918438432217258e-05
TFs_and_others_FOXA1,-0.0002592887644676332
TFs_and_others_SP140L,-2.1609385695499142e-05
TFs_and_others_FXR1,-2.2184386220507246e-05
TFs_and_others_PBX4,-2.9214645583274814e-06
TFs_and_others_FIP1L1,6.65922541975142e-07
TFs_and_others_ZNF654,-7.342471362190606e-06
TFs_and_others_NFE2L3,-9.195518940421894e-06
Histone_H4K12ac,-2.750264127182921e-05
TFs_and_others_PDS5A,-3.403850211546857e-06
TFs_and_others_BCL9,3.8599820217164825e-05
TFs_and_others_JMJD6,6.256798291589729e-05
Histone_H3,0.0001851859890410447
TFs_and_others_TRMT13,1.8103437057987338e-05
TFs_and_others_MBD1,2.01102166473058e-05
TFs_and_others_RDme1,2.5672571530538144e-05
TFs_and_others_SMC4,2.6356716857819402e-05
TFs_and_others_HAND1,7.753765448175003e-05
TFs_and_others_LIN9,6.36225954089792e-06
TFs_and_others_ZNF347,7.732033522859698e-06
TFs_and_others_MYBBP1A,6.750769450606771e-06
TFs_and_others_TEAD1,1.6649648171864674e-05
TFs_and_others_SREBF2,-3.951145616727412e-06
TFs_and_others_SOX21,1.2041017732948568e-06
TFs_and_others_ZNF777,-9.306805726365173e-07
TFs_and_others_SMARCAL1,-8.256892664507786e-08
TFs_and_others_BRD3,-1.6898310541161506e-06
TFs_and_others_SOX8,6.81382675323623e-06
RNA_polymerase_POLR3G,8.111296460540474e-06
TFs_and_others_JUND,4.20159754687638e-05
TFs_and_others_SERPINE1,3.383491866718772e-05
TFs_and_others_CPSF4,4.039871528566456e-05
TFs_and_others_DUX4,0.00010015462814073074
TFs_and_others_ZFP36,8.292770570398869e-06
TFs_and_others_ZFP41,5.1839000722461815e-06
TFs_and_others_CNOT3,-3.4178092919943723e-06
TFs_and_others_ZBTB48,-6.4842692218287006e-06
TFs_and_others_NR2C2,-6.681897506437013e-06
TFs_and_others_MBD3L2,-1.5586189062478903e-06
TFs_and_others_NR2F2,-3.122393411942963e-06
TFs_and_others_FUBP3,1.6728995719409595e-07
TFs_and_others_RFX5,4.657042372202766e-07
TFs_and_others_ZNF609,3.9089610208026546e-07
TFs_and_others_MAP2K1,2.5527807646279154e-07
TFs_and_others_GRWD1,-2.3401245386278438e-08
TFs_and_others_ERCC3,-4.9770868667560106e-08
TFs_and_others_CPSF2,-1.2346233155544246e-06
TFs_and_others_ZNF883,1.6662957167503548e-07
TFs_and_others_ZNF7,4.598653388503076e-06
TFs_and_others_EHMT2,1.1411008136138603e-05
Histone_CENPA,2.167270534063974e-05
TFs_and_others_ZNF770,1.5590844210275194e-05
TFs_and_others_KDM2A,4.422240188014104e-06
Histone_H1B,9.360092664742989e-07
TFs_and_others_Crotonyllysine,8.271127642844697e-08
TFs_and_others_Cas9,-1.2430765238408097e-06
TFs_and_others_EGR1,-5.053826856344973e-07
TFs_and_others_NKX2-3,-1.0251863482888081e-07
TFs_and_others_NFAT5,1.9610780974566382e-07
TFs_and_others_ZNF485,3.2804447088716837e-07
Histone_H1t,7.930737044508831e-08
TFs_and_others_MTA1,1.1386680496079315e-06
TFs_and_others_NR4A2,1.0436687954711844e-06
TFs_and_others_HEY1,3.1337397608239746e-06
TFs_and_others_HOXC11,-4.320158689342312e-06
TFs_and_others_KANSL1,-6.883611886693649e-06
Histone_H3ac,-1.8496144231476487e-05
TFs_and_others_PITX3,-3.1253953983180713e-06
TFs_and_others_ZNF668,-1.2094849866139703e-06
TFs_and_others_MLL-AF6,-3.2657928283118444e-08
TFs_and_others_PLRG1,-4.53648636184671e-08
TFs_and_others_SOD1,4.457404076397038e-09
TFs_and_others_JRK,-1.1627854586307243e-06
TFs_and_others_ZNF112,-1.654279395984774e-07
TFs_and_others_MEIS1,-5.854576093047464e-07
TFs_and_others_SAP130,1.5608958354914087e-06
TFs_and_others_ZNF398,1.2755358785531947e-06
TFs_and_others_ZNF493,-8.997228664131229e-07
TFs_and_others_ZNF140,-1.7700585432933612e-06
TFs_and_others_CDK9,-3.661886458891561e-06
TFs_and_others_ZNF394,-2.2928834098057436e-07
Histone_H1.0,2.1015283163677346e-06
TFs_and_others_ORC1,1.6682470689285116e-07
TFs_and_others_DPF1,-1.4168395569181999e-06
TFs_and_others_ZNF750,-1.661364936794016e-05
TFs_and_others_RXRA,-2.412687367469881e-05
TFs_and_others_STAG2,-5.36814448411132e-05
TFs_and_others_ZNF449,-4.0987114042543315e-06
TFs_and_others_SIX1,-3.572116300576994e-06
TFs_and_others_FOXO4,8.333455182635308e-07
TFs_and_others_DEC1,5.294372291319571e-07
TFs_and_others_REL,1.9088666185202344e-06
TFs_and_others_SNAI1,1.8832630433478745e-07
TFs_and_others_LEF1,7.857529308005248e-07
TFs_and_others_ZNF605,8.227524317673103e-07
TFs_and_others_ZNF331,1.8714814367423388e-06
TFs_and_others_CSTF2,4.104519869647519e-06
TFs_and_others_SRSF4,9.16615947545193e-07
TFs_and_others_INTS3,2.5332008244656053e-06
TFs_and_others_RORA,2.1891831264347565e-07
TFs_and_others_ZNF737,1.2376588276458445e-06
TFs_and_others_ZSCAN5B,1.247587720566792e-06
TFs_and_others_RING1,3.5671184246749028e-06
TFs_and_others_ZBTB9,4.409572417286191e-07
TFs_and_others_ZBTB12,2.154557207021602e-07
TFs_and_others_ZNF501,-1.4516815525803276e-07
TFs_and_others_PHF19,6.466380831361073e-08
TFs_and_others_ZNF300,6.724436849669226e-08
TFs_and_others_ZIC5,3.237378929532859e-07
TFs_and_others_POLRMT,4.6889142270582227e-07
TFs_and_others_CTR9,8.77540912994351e-07
TFs_and_others_SIN3B,2.245584981381055e-06
TFs_and_others_ZNF586,4.4614852362596e-07
TFs_and_others_SP140,3.1942700377451134e-07
TFs_and_others_CREB3L2,3.145302634273195e-08
TFs_and_others_MED31,-2.9124810547191192e-08
TFs_and_others_MED22,-3.811676016342622e-08
TFs_and_others_ID3,-2.4941137237591837e-07
TFs_and_others_ZNF433,-1.1260639215507772e-07
Histone_H4K5K8K12ac,-3.397891000050529e-07
TFs_and_others_GABPB2,7.240245441457578e-07
TFs_and_others_ZNF441,6.898189029516772e-07
Histone_H1,1.6493592416411968e-06
TFs_and_others_FANCD2,-2.373354456911427e-07
TFs_and_others_ZXDB,1.5331771497286152e-06
TFs_and_others_TBPL1,1.9526171496287106e-06
TFs_and_others_KDM5B,5.429461078984421e-06
TFs_and_others_CLOCK,8.544275772639308e-07
TFs_and_others_ERCC6,1.0597924778563509e-06
TFs_and_others_PRDM15,1.8533941193319612e-06
TFs_and_others_DBP,1.269209717687647e-07
TFs_and_others_SALL2,2.0305275185619542e-07
TFs_and_others_TTF2,-2.3592642981486074e-07
TFs_and_others_YBX1,-6.567836149180341e-08
TFs_and_others_AHR,-1.042090581701037e-06
TFs_and_others_ZMYM2,-5.597189349544795e-07
TFs_and_others_CSTF3,-1.1783442424942253e-06
TFs_and_others_MGA,-2.3249404893201105e-06
TFs_and_others_MECOM,-1.4048357123541202e-05
TFs_and_others_SUV39H1,-1.5084973299892638e-05
TFs_and_others_NR3C1,-4.3983782882958306e-05
TFs_and_others_HSF2,-2.0271871734681744e-06
Histone_H3K36ac,1.4677840207950215e-05
TFs_and_others_CBFB,2.036764809847515e-05
TFs_and_others_5-hmC,5.3392908847737974e-05
TFs_and_others_TOE1,4.513739713537333e-06
TFs_and_others_CIC,4.638843400520374e-06
TFs_and_others_BAHCC1,-2.5287896189331784e-06
TFs_and_others_GLI2,-1.9594406186533826e-06
TFs_and_others_RBBP7,-5.86796353976213e-06
TFs_and_others_MethylCap,-2.0254808346578224e-06
TFs_and_others_NFIC,-2.7693195216630602e-06
TFs_and_others_FOXH1,4.3474611495241654e-05
TFs_and_others_HNF4A,8.207390108373188e-05
TFs_and_others_DMC1,7.757262528509202e-05
TFs_and_others_DPPA3,2.0701195475987597e-05
TFs_and_others_ZNF25,1.8188499729681094e-05
TFs_and_others_FOXL2,3.164385032149579e-05
Histone_H3K18ac,-9.624139522881973e-06
TFs_and_others_SNIP1,7.0029697815266166e-06
TFs_and_others_HMGA2,1.0976701913343061e-05
TFs_and_others_SKP2,8.849966784392078e-06
TFs_and_others_SRSF1,8.080847116782829e-07
TFs_and_others_INTS5,1.9143774641871733e-06
TFs_and_others_BCL11B,6.494878688727074e-05
TFs_and_others_SMAD4,9.602703232220128e-05
TFs_and_others_DDX5,0.0002465895058178029
TFs_and_others_MYOD1,3.421696889565394e-05
TFs_and_others_HOXB5,2.0371013585992776e-05
TFs_and_others_ZFP91,2.57434431226632e-06
TFs_and_others_TFDP1,3.015955076272506e-06
TFs_and_others_HOXA13,3.556992179693991e-07
TFs_and_others_HNRNPH1,5.137628981363779e-07
TFs_and_others_PTF1A,9.227811434447205e-09
TFs_and_others_OVOL1,5.582768246491587e-07
TFs_and_others_SIRT7,4.685575076471376e-07
TFs_and_others_GABPA,1.4385282358317865e-06
TFs_and_others_ZNF699,2.269633012485939e-07
TFs_and_others_ZNF490,2.3443357674912188e-07
TFs_and_others_ELK4,4.995693933451381e-07
TFs_and_others_ZNF781,-1.1181920355128033e-07
TFs_and_others_HDAC4,3.987025280582088e-07
TFs_and_others_CAMTA1,1.913690877440732e-07
TFs_and_others_U2AF1,7.269859534453e-07
TFs_and_others_FOXO3,4.935236534872191e-08
TFs_and_others_ZNF800,7.900919368290403e-06
TFs_and_others_CTBP2,7.689713984639646e-06
TFs_and_others_MKL1,2.986192077192116e-05
Histone_H4K20me2,9.115962419861589e-06
TFs_and_others_MTOR,2.3525488198451855e-05
TFs_and_others_GRHL2,1.707943624970788e-05
TFs_and_others_CPSF7,1.037868981306088e-05
TFs_and_others_MCM3,1.3724652130615074e-05
TFs_and_others_YAP1,3.256425529559692e-05
TFs_and_others_ILF3,2.795417971787247e-06
TFs_and_others_CHAMP1,2.275835092213367e-06
TFs_and_others_PBX3,1.0094374833798801e-05
TFs_and_others_CASZ1,1.1224531411545991e-05
TFs_and_others_SETDB1,3.5758696289519564e-05
TFs_and_others_TERF1,5.29907172910146e-06
TFs_and_others_KDM6A,6.423176538645345e-06
Histone_H3K79me3,8.982292228911516e-06
TFs_and_others_ZNF720,3.5579598290731637e-06
TFs_and_others_HBcAg,3.278161536362928e-06
TFs_and_others_LIN54,8.646322591336507e-06
TFs_and_others_PRTN3,2.3120013615344996e-06
TFs_and_others_KLF5,6.768279270596222e-06
TFs_and_others_NAT10,9.931170573009472e-07
TFs_and_others_ZNF264,2.0549824874383534e-06
TFs_and_others_FAM208A,-1.2207537715030433e-06
TFs_and_others_ALKBH3,-8.037748810273912e-07
TFs_and_others_DTL,-3.867868581576114e-06
TFs_and_others_ZNF646,1.1991882380694398e-06
TFs_and_others_PRDM2,-2.3809841822249684e-07
TFs_and_others_MTF1,4.727491380110449e-08
TFs_and_others_LHX2,-9.662598021345474e-08
TFs_and_others_PREB,2.469983651244612e-07
TFs_and_others_TOX,6.41037529468604e-07
